Name,Price,link
"All-new Amazon Fire TV Stick 4K streaming device, more than 1.5 million movies and TV episodes, supports Wi-Fi 6, watch free & live TV",29.99,www.amazon.com//all-new-amazon-fire-tv-stick-4k/dp/B0BP9MDCQZ/ref=zg_bs_g_amazon-devices_d_sccl_1/133-8620787-0587239?psc=1
Amazon Echo Pop | Full sound compact smart speaker with Alexa | Charcoal,22.99,www.amazon.com//Introducing-sound-compact-speaker-Charcoal/dp/B09WNK39JN/ref=zg_bs_g_amazon-devices_d_sccl_2/133-8620787-0587239?psc=1
"Amazon Fire TV Stick, HD, sharp picture quality, fast streaming, free & live TV, Alexa Voice Remote with TV controls",24.99,www.amazon.com//fire-tv-stick-with-3rd-gen-alexa-voice-remote/dp/B08C1W5N87/ref=zg_bs_g_amazon-devices_d_sccl_3/133-8620787-0587239?psc=1
"All-new Amazon Fire TV Stick 4K Max streaming device, supports Wi-Fi 6E, free & live TV without cable or satellite",39.99,www.amazon.com//all-new-amazon-fire-tv-stick-4k-max/dp/B0BP9SNVH9/ref=zg_bs_g_amazon-devices_d_sccl_4/133-8620787-0587239?psc=1
"Echo Dot (5th Gen, 2022 release) | With bigger vibrant sound, helpful routines and Alexa | Charcoal",34.99,www.amazon.com//All-New-release-Smart-speaker-Charcoal/dp/B09B8V1LZ3/ref=zg_bs_g_amazon-devices_d_sccl_5/133-8620787-0587239?psc=1
"Blink Outdoor 4 (4th Gen) – Wire-free smart security camera, two-year battery life, two-way audio, HD live view, enhanced motion detection, Works with Alexa – 3 camera system",134.99,www.amazon.com//Blink-Outdoor-4th-Gen-3-Camera/dp/B0B1N5FK48/ref=zg_bs_g_amazon-devices_d_sccl_6/133-8620787-0587239?psc=1
"Amazon Fire TV Stick Lite, free and live TV, Alexa Voice Remote Lite, smart home controls, HD streaming",19.99,www.amazon.com//fire-tv-stick-lite-latest-alexa-voice-remote-lite/dp/B091G4YP57/ref=zg_bs_g_amazon-devices_d_sccl_7/133-8620787-0587239?psc=1
"Ring Indoor Cam (2nd Gen) | latest generation, 2023 release | 1080p HD Video & Color Night Vision, Two-Way Talk, and Manual Audio & Video Privacy Cover | White",39.99,www.amazon.com//introducing-the-all-new-Ring-Indoor-Cam/dp/B0B6GLQJMV/ref=zg_bs_g_amazon-devices_d_sccl_8/133-8620787-0587239?psc=1
"Blink Video Doorbell | Two-way audio, HD video, motion and chime app alerts and Alexa enabled — wired or wire-free (Black)",41.99,www.amazon.com//Blink-Video-Doorbell/dp/B08SG2MS3V/ref=zg_bs_g_amazon-devices_d_sccl_9/133-8620787-0587239?psc=1
"All-new Echo Show 8 (3rd Gen, 2023 release) | With Spatial Audio, Smart Home Hub, and Alexa | Charcoal",99.99,www.amazon.com//All-New-Echo-Show-8/dp/B0BLS3Y632/ref=zg_bs_g_amazon-devices_d_sccl_10/133-8620787-0587239?psc=1
"Blink Mini – Compact indoor plug-in smart security camera, 1080p HD video, night vision, motion detection, two-way audio, easy set up, Works with Alexa – 1 camera (White)",29.99,www.amazon.com//Blink-Mini-White-1Cam/dp/B07X6C9RMF/ref=zg_bs_g_amazon-devices_d_sccl_11/133-8620787-0587239?psc=1
"Amazon Echo Dot (5th Gen) with clock | Compact smart speaker with Alexa and enhanced LED display for at-a-glance clock, timers, weather, and more | Cloud Blue",49.99,www.amazon.com//Amazon-Compact-speaker-enhanced-display/dp/B09B8W5FW7/ref=zg_bs_g_amazon-devices_d_sccl_12/133-8620787-0587239?psc=1
"Amazon Kindle Paperwhite (16 GB) – Now with a larger display, adjustable warm light, increased battery life, and faster page turns – Black",114.39,www.amazon.com//Kindle-Paperwhite-16-GB-adjustable/dp/B09TMN58KL/ref=zg_bs_g_amazon-devices_d_sccl_13/133-8620787-0587239?psc=1
"Ring Stick Up Cam Battery | Weather-Resistant Outdoor Camera, Live View, Color Night Vision, Two-way Talk, Motion alerts, Works with Alexa | White",69.99,www.amazon.com//Ring-Battery-security-privacy-controls/dp/B0C5QRZ47P/ref=zg_bs_g_amazon-devices_d_sccl_14/133-8620787-0587239?psc=1
"Ring Floodlight Cam Wired Plus with motion-activated 1080p HD video, White (2021 release)",104.99,www.amazon.com//Ring-Floodlight-Cam-Wired-Plus/dp/B08F6GPQQ7/ref=zg_bs_g_amazon-devices_d_sccl_15/133-8620787-0587239?psc=1
"Amazon Kindle Paperwhite (16 GB) – Now with a larger display, adjustable warm light, increased battery life, and faster page turns – Agave Green",129.99,www.amazon.com//Kindle-Paperwhite-16-GB-adjustable/dp/B09TMZKQR7/ref=zg_bs_g_amazon-devices_d_sccl_16/133-8620787-0587239?psc=1
Ring Chime,34.99,www.amazon.com//Ring-Chime/dp/B09L45VFCN/ref=zg_bs_g_amazon-devices_d_sccl_17/133-8620787-0587239?psc=1
"Amazon Fire 7 Kids tablet, ages 3-7 | With parental controls backed by leading digital safety and family trust experts. 16 GB, Blue",69.99,www.amazon.com//Amazon-Fire-Kids-tablet-Top-selling/dp/B0BLBLRLJB/ref=zg_bs_g_amazon-devices_d_sccl_18/133-8620787-0587239?psc=1
Ring Rechargeable Quick Release Battery Pack,34.99,www.amazon.com//Ring-Rechargeable-Battery-Pack/dp/B076JKHDQT/ref=zg_bs_g_amazon-devices_d_sccl_19/133-8620787-0587239?psc=1
"Ring Battery Doorbell Plus | Head-to-Toe HD+ Video, motion detection & alerts, and Two-Way Talk (2023 release)",89.99,www.amazon.com//All-new-Ring-Battery-Doorbell-detection/dp/B09WZBPX7K/ref=zg_bs_g_amazon-devices_d_sccl_20/133-8620787-0587239?psc=1
"Amazon Alexa Voice Remote Pro, includes remote finder, TV controls, backlit buttons, requires compatible Fire TV device",25.75,www.amazon.com//Introducing-alexa-voice-remote-pro/dp/B09RX4HKTD/ref=zg_bs_g_amazon-devices_d_sccl_21/133-8620787-0587239?psc=1
"All-new Amazon Fire HD 10 tablet, built for relaxation, 10.1"" vibrant Full HD screen, octa-core processor, 3 GB RAM, latest model (2023 release), 32 GB, Black",94.99,www.amazon.com//Amazon_Fire_HD_10/dp/B0BHZT5S12/ref=zg_bs_g_amazon-devices_d_sccl_22/133-8620787-0587239?psc=1
"Amazon Kindle Paperwhite Signature Edition (32 GB) – With auto-adjusting front light, wireless charging, 6.8“ display, and up to 10 weeks of battery life – Without Lockscreen Ads – Black",149.99,www.amazon.com//kindle-paperwhite-Signature-Edition/dp/B08B495319/ref=zg_bs_g_amazon-devices_d_sccl_23/133-8620787-0587239?psc=1
"Echo Show 5 (3rd Gen, 2023 release) | Smart display with 2x the bass and clearer sound | Charcoal",65.99,www.amazon.com//All-new-Echo-Show-5/dp/B09B2SBHQK/ref=zg_bs_g_amazon-devices_d_sccl_24/133-8620787-0587239?psc=1
"Amazon Kindle – The lightest and most compact Kindle, with extended battery life, adjustable front light, and 16 GB storage – Black",79.99,www.amazon.com//kindle-the-lightest-and-most-compact-kindle/dp/B09SWW583J/ref=zg_bs_g_amazon-devices_d_sccl_25/133-8620787-0587239?psc=1
"Amazon 9W Official OEM USB Charger and Power Adapter for Fire Tablets, Kindle eReaders, and Echo Dot",18.99,www.amazon.com//Amazon-Official-Charger-Adapter-eReaders/dp/B01I0IGFKC/ref=zg_bs_g_amazon-devices_d_sccl_26/133-8620787-0587239?psc=1
"Ring Indoor Cam (2nd Gen) | latest generation, 2023 release | 1080p HD Video & Color Night Vision, Two-Way Talk, and Manual Audio & Video Privacy Cover | Black",39.99,www.amazon.com//All-new-Ring-Two-Way-Privacy-release/dp/B0B6GJBKRK/ref=zg_bs_g_amazon-devices_d_sccl_27/133-8620787-0587239?psc=1
"Made for Amazon, USB Power Cable (Eliminates the Need for AC Adapter)",30.00,www.amazon.com//Amazon-Mission-Power-Eliminates-Adapter/dp/B078KSHVCS/ref=zg_bs_g_amazon-devices_d_sccl_28/133-8620787-0587239?psc=1
"INSIGNIA 32-inch Class F20 Series Smart HD 720p Fire TV with Alexa Voice Remote (NS-32F201NA23, 2022 Model)",89.99,www.amazon.com//All-New-Insignia-32-inch-Class-NS-32F201NA23/dp/B09ZLTMWWH/ref=zg_bs_g_amazon-devices_d_sccl_29/133-8620787-0587239?psc=1
"Blink Mini Pan-Tilt Camera | Rotating indoor plug-in smart security camera, two-way audio, HD video, motion detection, Works with Alexa (White)",39.99,www.amazon.com//Blink-Mini-Pan-Tilt-Camera-White/dp/B09N6YCT3Y/ref=zg_bs_g_amazon-devices_d_sccl_30/133-8620787-0587239?psc=1
"Ailun Glass Screen Protector for iPhone 14 / iPhone 13 / iPhone 13 Pro [6.1 Inch] Display 3 Pack Tempered Glass, Case Friendly",5.98,www.amazon.com//Ailun-Protector-Compatible-Tempered-Friendly/dp/B09CSSP9C1/ref=zg_bs_g_wireless_d_sccl_1/146-0562874-3803350?psc=1
"Ailun 3 Pack Screen Protector for iPhone 15 Pro Max [6.7 inch] + 3 Pack Camera Lens Protector with Installation Frame,Sensor Protection,Dynamic Island Compatible,Case Friendly Tempered Glass Film",6.89,www.amazon.com//Ailun-Protector-Installation-Protection-Compatible/dp/B0CCYNV9PC/ref=zg_bs_g_wireless_d_sccl_2/146-0562874-3803350?psc=1
"NEW'C [3 Pack Designed for iPhone 14, 13, 13 Pro (6.1"") Screen Protector Tempered Glass, Case Friendly Anti Scratch Bubble Free Ultra Resistant",6.99,www.amazon.com//NEWC-Designed-Protector-Tempered-Resistant/dp/B09F3P3DQD/ref=zg_bs_g_wireless_d_sccl_3/146-0562874-3803350?psc=1
"Ailun 3Pack Privacy Screen Protector for iPhone 15 Pro Max [6.7 inch]+3Pack Camera Lens Protector,Sensor Protection,Dynamic Island Compatible,Anti Spy Tempered Glass[9H Hardness]-HD[Black][6 Pack]",7.89,www.amazon.com//Ailun-Protector-Protection-Compatible-Tempered/dp/B0CCYNCW8G/ref=zg_bs_g_wireless_d_sccl_4/146-0562874-3803350?psc=1
"Apple 20W USB-C Power Adapter - iPhone Charger with Fast Charging Capability, Type C Wall Charger",13.49,www.amazon.com//Apple-20W-USB-C-Power-Adapter/dp/B08L5M9BTJ/ref=zg_bs_g_wireless_d_sccl_5/146-0562874-3803350?psc=1
"INIU Portable Charger, Slimmest 10000mAh 5V/3A Power Bank, USB C in&out High-Speed Charging Battery Pack, External Phone Powerbank Compatible with iPhone 15 14 13 12 11 Samsung S22 S21 Google iPad etc",29.99,www.amazon.com//INIU-High-Speed-Flashlight-Powerbank-Compatible/dp/B07CZDXDG8/ref=zg_bs_g_wireless_d_sccl_6/146-0562874-3803350?psc=1
"Smartphone Solar Imaging, Enhancing Photo Lens 2 Pack",9.99,www.amazon.com//Smartphone-Solar-Imaging-Enhancing-Photo/dp/B0CFBX3KNN/ref=zg_bs_g_wireless_d_sccl_7/146-0562874-3803350?psc=1
"Misxi 2 Pack Hard PC Case with Tempered Glass Screen Protector Compatible with Apple Watch Series 9 (2023) Series 8 Series 7 45mm, Ultra-Thin Scratch Resistant Cover for iWatch S9/S8/S7, Black",9.96,www.amazon.com//Misxi-Protector-Compatible-Ultra-Thin-Protective/dp/B09JWDZ64S/ref=zg_bs_g_wireless_d_sccl_8/146-0562874-3803350?psc=1
"PopSockets Phone Grip with Expanding Kickstand, Black",9.97,www.amazon.com//PopSockets-PopGrip-Swappable-Phones-Tablets/dp/B07P29XQR4/ref=zg_bs_g_wireless_d_sccl_9/146-0562874-3803350?psc=1
"Ailun 3 Pack Screen Protector for iPhone 14 Pro Max [6.7 inch] + 3 Pack Camera Lens Protector,Sensor Protection,Dynamic Island Compatible,Case Friendly Tempered Glass Film,[9H Hardness] - HD",7.99,www.amazon.com//Ailun-Protector-Protection-Compatible-Friendly/dp/B0B76KJXWV/ref=zg_bs_g_wireless_d_sccl_10/146-0562874-3803350?psc=1
"Ailun Glass Screen Protector Compatible for iPhone 11 / iPhone XR [6.1 Inch], 3 Pack Tempered Glass",5.98,www.amazon.com//AILUN-Protector-Compatible-Tempered-Anti-Scratch/dp/B07H2V5YLH/ref=zg_bs_g_wireless_d_sccl_11/146-0562874-3803350?psc=1
"SENSYNE 62"" Phone Tripod & Selfie Stick, Extendable Cell Phone Tripod Stand with Wireless Remote and Phone Holder, Compatible with iPhone Android Phone, Camera",15.98,www.amazon.com//Sensyne-Extendable-Wireless-Compatible-Android/dp/B09TQY66NH/ref=zg_bs_g_wireless_d_sccl_12/146-0562874-3803350?psc=1
"3 in 1 Charging Station for iPhone, Wireless Charger for iPhone 15 14 13 12 11 X Pro Max & Apple Watch - Charging Stand Dock for AirPods",18.99,www.amazon.com//Charging-Station-iPhone-Wireless-Charger/dp/B0BFCC18FS/ref=zg_bs_g_wireless_d_sccl_13/146-0562874-3803350?psc=1
Ailun Privacy Screen Protector for iPhone 14 / iPhone 13 / iPhone 13 Pro [6.1 Inch] 2 Pack Anti Spy Private Tempered Glass Anti-Scratch Case Friendly [Black] [Not for iPhone 13 Pro Max] [2 Pack],5.99,www.amazon.com//Ailun-Protector-Compatible-Tempered-Anti-Scratch/dp/B09F2JY5FF/ref=zg_bs_g_wireless_d_sccl_14/146-0562874-3803350?psc=1
"TAURI 5 in 1 Designed for iPhone 14 Case Clear, [Not Yellowing] with 2X Screen Protectors + 2X Camera Lens Protectors, [Military Grade Drop Protection] Shockproof Slim 14 Cover 6.1 Inch",13.49,www.amazon.com//TAURI-14-Yellowing-Protection-Shockproof/dp/B0B5TLRTZ5/ref=zg_bs_g_wireless_d_sccl_15/146-0562874-3803350?psc=1
"Hiearcool Waterproof Phone Pouch, Waterproof Phone Case for iPhone 15 14 13 Pro Max, IPX8 Cellphone Dry Bag Beach Cruise Ship Essentials 2Pack-8.3""",9.99,www.amazon.com//Hiearcool-Waterproof-Phone-Pouch-Underwater-2/dp/B079HV3TC9/ref=zg_bs_g_wireless_d_sccl_16/146-0562874-3803350?psc=1
"Phone Charger [MFi Certified] 2 Pack 20W PD USB C Wall Fast Charger Adapter with 2 Pack 6FT Type C to Lightning Cable Compatible for iPhone 14 13 12 11 Pro Max XR XS X,iPad",9.98,www.amazon.com//Charger-Certified-Adapter-Lightning-Compatible/dp/B0BW5X89MM/ref=zg_bs_g_wireless_d_sccl_17/146-0562874-3803350?psc=1
"USB Wall Charger, LUOATIP 3-Pack 2.1A/5V Dual Port USB Cube Power Adapter Charger Plug Block Charging Box Brick for iPhone 13 12 11 Pro Max SE XS XR X 8 7 6 6S Plus, Samsung, LG, Moto, Android Phones",7.99,www.amazon.com//Charger-LUOATIP-Adapter-Charging-Replacement/dp/B07TK6MPNB/ref=zg_bs_g_wireless_d_sccl_18/146-0562874-3803350?psc=1
Ailun Glass Screen Protector for iPhone 12 / iPhone 12 Pro 2020 6.1 Inch 3 Pack Case Friendly Tempered Glass,5.98,www.amazon.com//Ailun-Protector-Compatible-Friendly-Tempered/dp/B08DGNGDFR/ref=zg_bs_g_wireless_d_sccl_19/146-0562874-3803350?psc=1
"Miracase Magnetic for iPhone 15 Pro Max Case 6.7'' [Compatible with Magsafe] Full-Body Drop Proof Bumper Phone Case for iPhone 15 Pro Max with Built-in 9H Tempered Glass Screen Protector,Blue",19.95,www.amazon.com//Miracase-iPhone-Pro-Max-Compatible/dp/B0CDPGGL3C/ref=zg_bs_g_wireless_d_sccl_20/146-0562874-3803350?psc=1
Ailun Glass Screen Protector for Galaxy S24 Ultra [6.8 Inch] 3Pack + 3Pack Camera Lens Tempered Glass Fingerprint Unlock 0.25mm Ultra Clear Anti-Scratch Case Friendly [Not For S24/S24 Plus],6.99,www.amazon.com//Ailun-Galaxy-S24-Ultra-Anti-Scratch/dp/B0CQSD9JKD/ref=zg_bs_g_wireless_d_sccl_21/146-0562874-3803350?psc=1
"Ailun 2 Pack Screen Protector for iPhone 13 [6.1 inch Display] with 2 Pack Tempered Glass Camera Lens Protector,[9H Hardness]-HD[4 Pack]",8.89,www.amazon.com//Ailun-Protector-Compatible-Tempered-Hardness/dp/B09CTF763F/ref=zg_bs_g_wireless_d_sccl_22/146-0562874-3803350?psc=1
"Basesailor USB to USB C Adapter 2Pack,USBC Female to A Male OTG Charger Type C Converter for Apple Watch Ultra iWatch 7 8 9,iPhone 15 14 13 Plus Pro Max,AirPods 3,iPad Air,Car,Samsung Galaxy S24 24 23",8.99,www.amazon.com//Female-Adapter-Charger-Airpods-Samsung/dp/B079LYHNSR/ref=zg_bs_g_wireless_d_sccl_23/146-0562874-3803350?psc=1
"Ailun 3 Pack Camera Lens Protector for iPhone 15 Pro 6.1"" ＆ iPhone 15 Pro Max 6.7"",Tempered Glass,9H Hardness,Ultra HD,Anti-Scratch,Easy to Install,Case Friendly [Does not Affect Night Shots]",5.89,www.amazon.com//Ailun-Protector-Tempered-Hardness-Anti-Scratch/dp/B0CCYMWV47/ref=zg_bs_g_wireless_d_sccl_24/146-0562874-3803350?psc=1
"ESR for iPhone 15 Pro Max Case, Compatible with MagSafe, Military-Grade Protection, Yellowing Resistant, Scratch-Resistant Back, Magnetic Phone Case for iPhone 15 Pro Max, Classic Series, Clear",18.99,www.amazon.com//ESR-Compatible-Military-Grade-Protection-Scratch-Resistant/dp/B0CC1F4V7Q/ref=zg_bs_g_wireless_d_sccl_25/146-0562874-3803350?psc=1
Wireless Charger iPhone Charging Station: 3 in 1 Charger Stand Multiple Devices for Apple - iPhone 15 14 Pro Max 13 12 11 - Watch 9 8 7 6 5 4 3 2 Se - Airpods 3 2 Pro,17.99,www.amazon.com//Wireless-Charger-iPhone-Charging-Station/dp/B0C2BMNHW2/ref=zg_bs_g_wireless_d_sccl_26/146-0562874-3803350?psc=1
"Mkeke for iPhone 15 Case Clear, [Not Yellowing] [Military-Grade Drop Protection] Clear Slim Phone Cases for Apple iPhone 15 with Shockproof Bumper 2023 - Clear",8.98,www.amazon.com//Mkeke-Yellowing-Military-Protection-Shockproof/dp/B0CBRW995T/ref=zg_bs_g_wireless_d_sccl_27/146-0562874-3803350?psc=1
"Apple Pencil (2nd Generation): Pixel-Perfect Precision and Industry-Leading Low Latency, Perfect for Note-Taking, Drawing, and Signing documents. Attaches, Charges, and Pairs magnetically.",63.88,www.amazon.com//Apple-MU8F2AM-A-Pencil-Generation/dp/B07K1WWBJK/ref=zg_bs_g_wireless_d_sccl_28/146-0562874-3803350?psc=1
"OCTOBUDDY - Silicone Suction Phone Case Adhesive Mount - Hands-Free, Strong Grip Holder for Selfies and Videos - Durable, Easy to Use - iPhone and Android Compatible - 2.25″ x 3.25″, Chalk Pink",12.99,www.amazon.com//OCTOBUDDY-Silicone-Suction-Phone-Adhesive/dp/B09KX1LKGR/ref=zg_bs_g_wireless_d_sccl_29/146-0562874-3803350?psc=1
𝟐𝟎𝟐𝟒 𝐔𝐩𝐠𝐫𝐚𝐝𝐞𝐝 for Apple Watch Charger Magnetic Fast Charging Cable [Portable] Magnetic Wireless Charging Compatible with iWatch Series Ultra/9/8/7/6/SE/SE2/5/4/3/2-[3.3FT] White,7.99,www.amazon.com//%F0%9D%9F%90%F0%9D%9F%8E%F0%9D%9F%90%F0%9D%9F%90-%F0%9D%90%94%F0%9D%90%A9%F0%9D%90%A0%F0%9D%90%AB%F0%9D%90%9A%F0%9D%90%9D%F0%9D%90%9E%F0%9D%90%9D-Magnetic-Charging-Compatible/dp/B0B2R7G9ML/ref=zg_bs_g_wireless_d_sccl_30/146-0562874-3803350?psc=1
"Amazon Basics 48-Pack AA Alkaline High-Performance Batteries, 1.5 Volt, 10-Year Shelf Life",16.29,www.amazon.com//AmazonBasics-Performance-Alkaline-Batteries-Count/dp/B00MNV8E0C/ref=zg_bs_g_climate-pledge_d_sccl_1/130-8201580-7184342?psc=1
"Nespresso Capsules VertuoLine, Medium and Dark Roast Coffee, Variety Pack, Stormio, Odacio, Melozio, 30 Count, Brews 7.77 Fl Oz (Pack of 3 )",37.50,www.amazon.com//Nespresso-Vertuoline-Seller-Assortment-Count/dp/B01N05APQY/ref=zg_bs_g_climate-pledge_d_sccl_2/130-8201580-7184342?psc=1
"Hero Cosmetics Mighty Patch™ Original Patch - Hydrocolloid Acne Pimple Patch for Covering Zits and Blemishes, Spot Stickers for Face and Skin (36 Count)",11.97,www.amazon.com//Mighty-Patch-Hydrocolloid-Absorbing-count/dp/B074PVTPBW/ref=zg_bs_g_climate-pledge_d_sccl_3/130-8201580-7184342?psc=1
"Charmin Ultra Soft Cushiony Touch Toilet Paper, 24 Family Mega Rolls = 123 Regular Rolls",35.49,www.amazon.com//Charmin-Toilet-Family-Cushiony-Sheets/dp/B0798DVT68/ref=zg_bs_g_climate-pledge_d_sccl_4/130-8201580-7184342?psc=1
"Amazon Basics 36-Pack AAA Alkaline High-Performance Batteries, 1.5 Volt, 10-Year Shelf Life",14.29,www.amazon.com//AmazonBasics-Performance-Alkaline-Batteries-Count/dp/B00LH3DMUO/ref=zg_bs_g_climate-pledge_d_sccl_5/130-8201580-7184342?psc=1
"All-new Amazon Fire TV Stick 4K streaming device, more than 1.5 million movies and TV episodes, supports Wi-Fi 6, watch free & live TV",29.99,www.amazon.com//all-new-amazon-fire-tv-stick-4k/dp/B0BP9MDCQZ/ref=zg_bs_g_climate-pledge_d_sccl_6/130-8201580-7184342?psc=1
"Amazon Basics 2-Ply Toilet Paper, 30 Rolls (5 Packs of 6), Equivalent to 129 regular rolls",25.21,www.amazon.com//Amazon-Basics-2-Ply-Toilet-Paper/dp/B095CN96JS/ref=zg_bs_g_climate-pledge_d_sccl_7/130-8201580-7184342?psc=1
"Amazon Basics 2-Ply Paper Towels, Flex-Sheets, 150 Sheets per Roll, 12 Rolls (2 Packs of 6), White",19.26,www.amazon.com//Amazon-Basics-Ply-Paper-Towel/dp/B09BWFX1L6/ref=zg_bs_g_climate-pledge_d_sccl_8/130-8201580-7184342?psc=1
"Scott ComfortPlus Toilet Paper, 12 Double Rolls, 231 Sheets per Roll, Septic-Safe, 1-Ply Toilet Tissue",5.99,www.amazon.com//Scott-Comfortplus-Toilet-Tissue-Double/dp/B07BGLT25K/ref=zg_bs_g_climate-pledge_d_sccl_9/130-8201580-7184342?psc=1
Amazon Echo Pop | Full sound compact smart speaker with Alexa | Charcoal,22.99,www.amazon.com//Introducing-sound-compact-speaker-Charcoal/dp/B09WNK39JN/ref=zg_bs_g_climate-pledge_d_sccl_10/130-8201580-7184342?psc=1
"Cottonelle Fresh Feel Flushable Wet Wipes, Adult Wet Wipes, 8 Flip-Top Packs, 42 Wipes Per Pack (336 Total Wipes), Packaging May Vary",15.79,www.amazon.com//Cottonelle-FreshCare-Flushable-42-Count-Flip-Top/dp/B07ND3WR64/ref=zg_bs_g_climate-pledge_d_sccl_11/130-8201580-7184342?psc=1
"Davids Fluoride Free Nano Hydroxyapatite Toothpaste for Remineralizing Enamel & Sensitive Relief, Whitening, Antiplaque, SLS Free, Natural Peppermint, 5.25oz, Made in USA",9.95,www.amazon.com//Davids-Hydroxyapatite-Toothpaste-Sensitive-Peppermint/dp/B09JHSVM58/ref=zg_bs_g_climate-pledge_d_sccl_12/130-8201580-7184342?psc=1
"Clean Skin Club Clean Towels XL, 100% USDA Biobased Face Towel, Disposable Face Towelette, Makeup Remover Dry Wipes, Ultra Soft, 50 Ct, 1 Pack",17.95,www.amazon.com//Clean-Skin-Club-Disposable-Sensitive/dp/B07PBXXNCY/ref=zg_bs_g_climate-pledge_d_sccl_13/130-8201580-7184342?psc=1
"Charmin Ultra Strong Clean Touch Toilet Paper, 24 Family Mega Rolls = 123 Regular Rolls",35.49,www.amazon.com//Charmin-Strong-Toilet-Family-Regular/dp/B09YKYV9N9/ref=zg_bs_g_climate-pledge_d_sccl_14/130-8201580-7184342?psc=1
"Neutrogena Cleansing Fragrance Free Makeup Remover Face Wipes, Cleansing Facial Towelettes for Waterproof Makeup, Alcohol-Free, Unscented, 100% Plant-Based Fibers, Twin Pack, 2 x 25 ct",9.79,www.amazon.com//Neutrogena-Cleansing-Towelettes-Waterproof-Alcohol-Free/dp/B00U2VQZDS/ref=zg_bs_g_climate-pledge_d_sccl_15/130-8201580-7184342?psc=1
"Affresh Washing Machine Cleaner, Cleans Front Load and Top Load Washers, Including HE, 6 Tablets",11.83,www.amazon.com//Affresh-Washer-Machine-Cleaner-6-Tablets/dp/B00C91Q86I/ref=zg_bs_g_climate-pledge_d_sccl_16/130-8201580-7184342?psc=1
"NatureWise Vitamin D3 5000iu (125 mcg) 1 Year Supply for Healthy Muscle Function, and Immune Support, Non-GMO, Gluten Free in Cold-Pressed Olive Oil, Packaging Vary ( Mini Softgel), 360 Count",9.99,www.amazon.com//NatureWise-Vitamin-Function-Cold-Pressed-Gluten-Free/dp/B00GB85JR4/ref=zg_bs_g_climate-pledge_d_sccl_17/130-8201580-7184342?psc=1
"Cottonelle Ultra Clean Toilet Paper with Active CleaningRipples Texture, 24 Family Mega Rolls (24 Family Mega Rolls = 132 Regular Rolls) (4 Packs of 6), 353 Sheets Per Roll, Packaging May Vary",27.59,www.amazon.com//Cottonelle-CleaningRipples-Texture-Regular-Packaging/dp/B0CM4NXMV2/ref=zg_bs_g_climate-pledge_d_sccl_18/130-8201580-7184342?psc=1
"Kleenex Expressions Ultra Soft Facial Tissues, 120 Count (Pack of 8), 3-Ply, Packaging May Vary",17.19,www.amazon.com//Kleenex-Expressions-Facial-Tissues-Tissue/dp/B09N9WGLTC/ref=zg_bs_g_climate-pledge_d_sccl_19/130-8201580-7184342?psc=1
"Amazon Fire TV Stick, HD, sharp picture quality, fast streaming, free & live TV, Alexa Voice Remote with TV controls",24.99,www.amazon.com//fire-tv-stick-with-3rd-gen-alexa-voice-remote/dp/B08C1W5N87/ref=zg_bs_g_climate-pledge_d_sccl_20/130-8201580-7184342?psc=1
"Amazon Brand - Solimo Dark Roast Coffee Pods, Compatible with Keurig 2.0 K-Cup Brewers 100 Count(Pack of 1)",32.17,www.amazon.com//Amazon-Brand-Solimo-Compatible-Brewers/dp/B079V8CKDM/ref=zg_bs_g_climate-pledge_d_sccl_21/130-8201580-7184342?psc=1
"Nespresso Capsules VertuoLine, Double Espresso Chiaro, Medium Roast Coffee, 10 Count (Pack of 3) Coffee Pods, Brews 2.7 Ounce (VERTUOLINE ONLY)",34.50,www.amazon.com//Nespresso-VertuoLine-Double-Espresso-Chiaro/dp/B07M8P8F73/ref=zg_bs_g_climate-pledge_d_sccl_22/130-8201580-7184342?psc=1
"Physician's Choice Probiotics 60 Billion CFU - 10 Strains + Organic Prebiotics - Immune, Digestive & Gut Health - Supports Occasional Constipation, Diarrhea, Gas & Bloating - for Women & Men - 30ct",21.97,www.amazon.com//Probiotics-Formulated-Probiotic-Supplement-Acidophilus/dp/B079H53D2B/ref=zg_bs_g_climate-pledge_d_sccl_23/130-8201580-7184342?psc=1
CeraVe Moisturizing Cream | Body and Face Moisturizer for Dry Skin | Body Cream with Hyaluronic Acid and Ceramides | Daily Moisturizer | Oil-Free | Fragrance Free | Non-Comedogenic | 19 Ounce,15.73,www.amazon.com//CeraVe-Moisturizing-Cream-Daily-Moisturizer/dp/B00TTD9BRC/ref=zg_bs_g_climate-pledge_d_sccl_24/130-8201580-7184342?psc=1
"Crest 3D Whitestrips, Professional Effects, Teeth Whitening Strip Kit, 44 Strips (22 Count Pack)",45.99,www.amazon.com//Crest-Professional-Whitestrips-Whitening-Treatments/dp/B00AHAWWO0/ref=zg_bs_g_climate-pledge_d_sccl_25/130-8201580-7184342?psc=1
"Garden of Life, Dr. Formulated Women's Probiotics Once Daily, 16 Strains, 50 Billion, 30 Count (Pack of 1)",31.97,www.amazon.com//Garden-Life-Formulated-Probiotics-Guaranteed/dp/B00Y8MP4G6/ref=zg_bs_g_climate-pledge_d_sccl_26/130-8201580-7184342?psc=1
"All-new Amazon Fire TV Stick 4K Max streaming device, supports Wi-Fi 6E, free & live TV without cable or satellite",39.99,www.amazon.com//all-new-amazon-fire-tv-stick-4k-max/dp/B0BP9SNVH9/ref=zg_bs_g_climate-pledge_d_sccl_27/130-8201580-7184342?psc=1
Earth Breeze Laundry Detergent Sheets - 30 Detergent Sheets - 60 Loads - Concentrated Liquidless Laundry Soap - No Plastic Jug - Fresh Scent,14.84,www.amazon.com//Earth-Breeze-Fresh-Laundry-Sheets/dp/B08GF7YGCD/ref=zg_bs_g_climate-pledge_d_sccl_28/130-8201580-7184342?psc=1
"CeraVe Hydrating Facial Cleanser | Moisturizing Non-Foaming Face Wash with Hyaluronic Acid, Ceramides and Glycerin | Fragrance Free Paraben Free | 16 Fluid Ounce",13.57,www.amazon.com//CeraVe-Hydrating-Facial-Cleanser-Fragrance/dp/B01MSSDEPK/ref=zg_bs_g_climate-pledge_d_sccl_29/130-8201580-7184342?psc=1
"Amazon Basics Flushable Adult Toilet Wipes, Fragrance Free, 126 Count (3 Packs of 42) Packaging May Vary",4.15,www.amazon.com//Amazon-Basics-Flushable-Toilet-Fragrance/dp/B095KCG1Q2/ref=zg_bs_g_climate-pledge_d_sccl_30/130-8201580-7184342?psc=1
Trump Never Surrender Colorized Mugshot $2 Bill Uncirculated,24.95,www.amazon.com//Trump-Surrender-Colorized-Mugshot-Uncirculated/dp/B0CQ33D6PV/ref=zg_bs_g_coins_d_sccl_1/147-4884168-9885909?psc=1
2024 American Silver Eagle .999 Fine Silver in Direct Fit Air Tite with our Certificate of Authenticity Dollar Uncirculated US Mint,41.80,www.amazon.com//American-Silver-Certificate-Authenticity-Uncirculated/dp/B0CQMSW1BD/ref=zg_bs_g_coins_d_sccl_2/147-4884168-9885909?psc=1
Over 50 DIFFERENT World Coins (1/2) Half Pound Grab Bag,12.90,www.amazon.com//Over-DIFFERENT-World-Coins-Pound/dp/B00BUB7TM0/ref=zg_bs_g_coins_d_sccl_3/147-4884168-9885909?psc=1
EISENHOWER (IKE) DOLLARS SET OF 4 DIFFERENT DATES BETWEEN 1971-1978,15.95,www.amazon.com//EISENHOWER-DOLLARS-DIFFERENT-BETWEEN-1971-1978/dp/B0030HBU6I/ref=zg_bs_g_coins_d_sccl_4/147-4884168-9885909?psc=1
Moenich World Coin Grab Bag - 50 Coin Assortment (Original Version),14.79,www.amazon.com//Moenich-World-Coin-Grab-Bag/dp/B008B19HQS/ref=zg_bs_g_coins_d_sccl_5/147-4884168-9885909?psc=1
Lincoln Wheat Cent 1909 S VDB Design 1 oz Pure .999 Copper Round Collectible Jumbo 39mm Coin in Capsule - COA by Heavenly Metals,7.99,www.amazon.com//Lincoln-Design-Copper-Collectible-Capsule/dp/B0CFYYBHK3/ref=zg_bs_g_coins_d_sccl_6/147-4884168-9885909?psc=1
"2020 Silver Donald Trump Private Mintage, 45th Presidential, Limited Edition Mint. 1 Troy Oz .999 Fine Silver Round",38.89,www.amazon.com//Silver-Private-Mintage-Presidential-Limited/dp/B083N2275H/ref=zg_bs_g_coins_d_sccl_7/147-4884168-9885909?psc=1
Yvhusk Collectible Coins Memento Mori Medal Carpe Diem Stoicism Souvenior Coins Antique Finish Official Gift for Daily Stoic Practice,8.99,www.amazon.com//Yvhusk-Collectible-Stoicism-Souvenior-Official/dp/B0C5XD93MD/ref=zg_bs_g_coins_d_sccl_8/147-4884168-9885909?psc=1
"2025 - Stater 3 Coin Collection of Indian Penny, Buffalo Nickel and Steel Cent with the 2025 Red Book Guide to Coins 77th Edition Circulated Collection Seller Uncirculated",29.99,www.amazon.com//Stater-Collection-Buffalo-Circulated-Uncirculated/dp/B07RB2M85K/ref=zg_bs_g_coins_d_sccl_9/147-4884168-9885909?psc=1
Unsearched Wheat Penny Roll w/Silver Mercury Dime End Old Us Coin Shotgun Lot Mixed Years Circulated Vintage Collector,20.79,www.amazon.com//Unsearched-Mercury-Coin-Circulated-Collector/dp/B07RZ4DJLL/ref=zg_bs_g_coins_d_sccl_10/147-4884168-9885909?psc=1
Walking Liberty 1 Avdp Ounce .999 Fine Copper,5.45,www.amazon.com//Walking-Liberty-Avdp-Ounce-Copper/dp/B00EMGAO5Y/ref=zg_bs_g_coins_d_sccl_11/147-4884168-9885909?psc=1
2023 1 Ounce OZ 999 Fine Solid USA American Liberty Eagle Coin Titanium Precious Metal Ingot Bullion Ti Element Chemistry Proof Mint Coin,14.15,www.amazon.com//American-Liberty-Titanium-Precious-Chemistry/dp/B0C8LWHBGY/ref=zg_bs_g_coins_d_sccl_12/147-4884168-9885909?psc=1
1 oz .999 Buffalo Authentic Silver Round,39.99,www.amazon.com//999-Buffalo-Authentic-Silver-Round/dp/B0BS1QXMBY/ref=zg_bs_g_coins_d_sccl_13/147-4884168-9885909?psc=1
YukaBa MarshLing Antique Liberty Indian Head Ten-Dollars Coin - Great American Commemorative Old Coins- Uncirculated Morgan Dollars-Discover History of US Coins Perfect Quality,8.57,www.amazon.com//MarshLing-Antique-Liberty-Indian-Ten-Dollars/dp/B07T71FTGB/ref=zg_bs_g_coins_d_sccl_14/147-4884168-9885909?psc=1
Complete 50 Uncirculated State (99-08) Quarter Collection Set + 6 Territory Quarters from The US Territories Program in a Beautiful Folder Display Book (Complete Set),59.95,www.amazon.com//Uncirculated-Collection-territory-Territories-Beautiful/dp/B07BH68GQ1/ref=zg_bs_g_coins_d_sccl_15/147-4884168-9885909?psc=1
50 Pack Double Pocket 2.5 x 2.5 Unplasticized Vinyl Flips Safe for Long Term Coin Storage,9.99,www.amazon.com//Double-Pocket-Unplasticized-Vinyl-Storage/dp/B08KSJQMY9/ref=zg_bs_g_coins_d_sccl_16/147-4884168-9885909?psc=1
2017 President Donald Trump Inaugural Silver EAGLE Commemorative Novelty Coin 38mm. 45th President of the United States of America CERTIFICATE OF AUTHENTICITY,8.68,www.amazon.com//President-Inaugural-Commemorative-CERTIFICATE-AUTHENTICITY/dp/B01MSQINVD/ref=zg_bs_g_coins_d_sccl_17/147-4884168-9885909?psc=1
Love Coin Collection Challenge Coin: Unique Memento and Pocket Token Gift to Inspire and Make Him/Her Lucky - Perfect Commemorative Gift to Show Your Love and Appreciation - ZSALSTING,14.99,www.amazon.com//Love-Coin-Collection-Challenge-Commemorative/dp/B0CTCM8HJT/ref=zg_bs_g_coins_d_sccl_18/147-4884168-9885909?psc=1
1 Troy Oz. Lincoln Wheat Cent Authentic Silver Round| Commemorative Piece Made from .999 Fine Silver Made in USA +Includes Free Protective Capsule,39.99,www.amazon.com//Lincoln-Authentic-Commemorative-Protective-Capsule/dp/B0B9J1CP3Z/ref=zg_bs_g_coins_d_sccl_19/147-4884168-9885909?psc=1
Megalodon Shark 1 oz Pure .999 Copper Round Collecticble 39mm Challenge Coin in Capsule - COA by Heavenly Metals,8.99,www.amazon.com//Megalodon-Copper-Collecticble-Challenge-Capsule/dp/B0CJ192H7M/ref=zg_bs_g_coins_d_sccl_20/147-4884168-9885909?psc=1
50 Wheat Pennies (Unsearched Shotgun Roll) - Mixed Years Circulated Good or Better.,13.49,www.amazon.com//Wheat-Pennies-Unsearched-Shotgun-Roll/dp/B011LOOKV8/ref=zg_bs_g_coins_d_sccl_21/147-4884168-9885909?psc=1
"BCW Paper Coin Flips for Quarter 100 Pack | Crystal Clear Archival Polypropylene Windows, Ideal for 20-Pocket Binder Pages & Storage Boxes | 2x2 Coin Flips Coin Collection Supplies | Quarter Holders",4.99,www.amazon.com//BCW-Archival-Polypropylene-20-Pocket-Collection/dp/B00AOYSSD8/ref=zg_bs_g_coins_d_sccl_22/147-4884168-9885909?psc=1
New Baby Gift for Parent Mom Daddy Funny Decision Coin for Women Men Pregnancy Mothers for First Time Moms Dads Mummy to Be Christmas Birthday Present Double-Sided (Silver),9.99,www.amazon.com//Decision-Pregnancy-Christmas-Birthday-Double-Sided/dp/B08XQ2S1TR/ref=zg_bs_g_coins_d_sccl_23/147-4884168-9885909?psc=1
"Rooted in Christ The Lord is My Rock, My Fortress, My Deliverer Faith-Based Christian Challenge Coin Bible Verse Gift (Single Coin)",9.99,www.amazon.com//Fortress-Deliverer-Faith-Based-Christian-Challenge/dp/B0CC97VDVM/ref=zg_bs_g_coins_d_sccl_24/147-4884168-9885909?psc=1
Trump Copper Round 1oz Pure Copper Coin,6.45,www.amazon.com//Trump-Copper-Round-Pure-Coin/dp/B08DF5795S/ref=zg_bs_g_coins_d_sccl_25/147-4884168-9885909?psc=1
Presidential Dollar Folder: Complete Philadelphia and Denver Mint Collection,7.95,www.amazon.com//Presidential-Dollar-Folder-Philadelphia-Collection/dp/B06XPS2VW7/ref=zg_bs_g_coins_d_sccl_26/147-4884168-9885909?psc=1
Whitman US Lincoln Cent Coin Folder Volume 3 1975 - 2013 #9033,7.85,www.amazon.com//Whitman-Lincoln-Cent-Coin-Folder/dp/B00TI4NQ9Q/ref=zg_bs_g_coins_d_sccl_27/147-4884168-9885909?psc=1
"2 x 25,000 New Dinar. Total 50,000 IQD - Authentic Uncirculated 25K Dinars",87.99,www.amazon.com//000-New-Dinar-Total-IQD/dp/B0BJYXYTHN/ref=zg_bs_g_coins_d_sccl_28/147-4884168-9885909?psc=1
1933 P $20 Gold Double Eagle $20 American Mint State,9.95,www.amazon.com//1933-Double-Eagle-American-State/dp/B0B2TFYYYV/ref=zg_bs_g_coins_d_sccl_29/147-4884168-9885909?psc=1
The Task Ahead Challenge Coin Collector's Medallion,12.99,www.amazon.com//Task-Ahead-Challenge-Collectors-Medallion/dp/B07LF7XF2S/ref=zg_bs_g_coins_d_sccl_30/147-4884168-9885909?psc=1
"Scott ComfortPlus Toilet Paper, 12 Double Rolls, 231 Sheets per Roll, Septic-Safe, 1-Ply Toilet Tissue",5.99,www.amazon.com//Scott-Comfortplus-Toilet-Tissue-Double/dp/B07BGLT25K/ref=zg_bs_g_industrial_d_sccl_1/144-0994589-9358460?psc=1
"MedPride Powder-Free Nitrile Exam Gloves, Iris Blue, Medium, Box/100",9.99,www.amazon.com//MedPride-Powder-Free-Nitrile-Gloves-Medium/dp/B00GS8W3T4/ref=zg_bs_g_industrial_d_sccl_2/144-0994589-9358460?psc=1
"Cascade Platinum Plus ActionPacs Dishwasher Detergent Pods, Mountain, 62 Count",21.94,www.amazon.com//Cascade-Platinum-ActionPacs-Dishwasher-Detergent/dp/B0BS4ZTJMB/ref=zg_bs_g_industrial_d_sccl_3/144-0994589-9358460?psc=1
"Amazon Basics Smart A19 LED Light Bulb, 2.4 GHz Wi-Fi, 7.5W (Equivalent to 60W) 800LM, Works with Alexa Only, 1-Pack, Multicolor",9.97,www.amazon.com//Amazon-Basics-Smart-Light-Changing/dp/B09BFRLZZ5/ref=zg_bs_g_industrial_d_sccl_4/144-0994589-9358460?psc=1
"MED PRIDE NitriPride Nitrile-Vinyl Blend Exam Gloves, Medium 100 - Powder Free, Latex Free & Rubber Free - Single Use Non-Sterile Protective Gloves for Medical Use, Cooking, Cleaning & More",8.81,www.amazon.com//PRIDE-Synthetic-Nitrile-Vinyl-Gloves-Medium/dp/B08Y98BVDM/ref=zg_bs_g_industrial_d_sccl_5/144-0994589-9358460?psc=1
"iHealth COVID-19 Antigen Rapid Test, 1 Pack, 5 Tests Total, FDA EUA Authorized OTC at-Home Self Test, Results in 15 Minutes with Non-invasive Nasal Swab, Easy to Use & No Discomfort",44.95,www.amazon.com//iHealth-COVID-19-Authorized-Non-invasive-Discomfort/dp/B09NY9MMS3/ref=zg_bs_g_industrial_d_sccl_6/144-0994589-9358460?psc=1
"Supmedic Medical Nitrile Exam Gloves, Latex-Free & Powder-Free Non-Sterile Food Safe Cleaning Disposable Glove, 100 Pcs",7.18,www.amazon.com//Supmedic-Nitrile-Disposable-Powder-Free-Latex-Free/dp/B0C9SBFGZR/ref=zg_bs_g_industrial_d_sccl_7/144-0994589-9358460?psc=1
"Neosmuk Magnetic Hooks, 27 lb+ Heavy Duty Earth Magnets with Hook for Refrigerator, Extra Strong Cruise Hook for Hanging, Magnetic Hanger for Cabins, Grill (Silver White, Pack of 10)",7.80,www.amazon.com//Magnetic-%EF%BC%ADaximum-Neodymium-Corrosion-Protection/dp/B0787Q54M1/ref=zg_bs_g_industrial_d_sccl_8/144-0994589-9358460?psc=1
"MED PRIDE Medical Vinyl Examination Gloves (Large, 100-Count) Latex & Rubber Free, Ultra-Strong, Clear Disposable Powder-Free Gloves for Healthcare & Food Handling Use",8.99,www.amazon.com//Examination-100-Count-Disposable-Ultra-Strong-Healthcare/dp/B07KYWVCP6/ref=zg_bs_g_industrial_d_sccl_9/144-0994589-9358460?psc=1
"Zep Professional Sprayer Bottle 32 ounces - Up to 30 Foot Spray, Adjustable Nozzle",3.98,www.amazon.com//Zep-Professional-Sprayer-Bottle-HDPRO36/dp/B01LXTNPFS/ref=zg_bs_g_industrial_d_sccl_10/144-0994589-9358460?psc=1
"Gorilla Super Glue Gel XL, 25 Gram, Clear, (Pack of 1)",16.29,www.amazon.com//Gorilla-Super-Glue-gram-Clear/dp/B082XGL21J/ref=zg_bs_g_industrial_d_sccl_11/144-0994589-9358460?psc=1
"SYLVANIA ECO LED Light Bulb, A19 60W Equivalent, Efficient 9W, 7 Year, 750 Lumens, 2700K, Non-Dimmable, Frosted, Soft White - 8 Count (Pack of 1) (40821)",13.53,www.amazon.com//Sylvania-40821-Equivalent-Efficient-Temperature/dp/B08FRSS4BF/ref=zg_bs_g_industrial_d_sccl_12/144-0994589-9358460?psc=1
"Command 20 Lb XL Heavyweight Picture Hanging Strips, Damage Free Hanging Picture Hangers, Heavy Duty Wall Hanging Strips for Living Spaces, 10 White Adhesive Strip Pairs",12.99,www.amazon.com//Command-Heavyweight-Picture-Organization-Adhesive/dp/B09WBRNRHB/ref=zg_bs_g_industrial_d_sccl_13/144-0994589-9358460?psc=1
"Borje Disposable Face Mask, 100 PCS Black Masks, 3 Ply Protection Face Masks",7.99,www.amazon.com//Black-Disposable-Colored-Masks-Protection/dp/B08XNHCQCG/ref=zg_bs_g_industrial_d_sccl_14/144-0994589-9358460?psc=1
"Loctite 1364076 Super Glue Easy Squeeze Gel, .14 oz, Super Glue Liquid",3.64,www.amazon.com//Loctite-1364076-Super-Squeeze-Liquid/dp/B0006HUJCQ/ref=zg_bs_g_industrial_d_sccl_15/144-0994589-9358460?psc=1
"BinaxNOW COVID-19 Antigen Self Test, 1 Pack, 2 Tests Total, COVID Test With 15-Minute Results Without Sending to a Lab, Easy to Use at Home",15.88,www.amazon.com//BinaxNOW-COVID-19-15-Minute-Emergency-Authorization/dp/B094LVQZJL/ref=zg_bs_g_industrial_d_sccl_16/144-0994589-9358460?psc=1
"Lint Rollers for Pet Hair Extra Sticky, 500 Sheets Mega Value Set Lint Roller with 5 Upgraded Handles, 5 Rollers Portable Pet Lint Remover for Clothes, Furniture, Carpet, Dog & Cat Hair Removal",13.59,www.amazon.com//Rollers-Upgraded-Handles-Portable-Furniture/dp/B0C5D7GD9T/ref=zg_bs_g_industrial_d_sccl_17/144-0994589-9358460?psc=1
"EasyTouch U-100 Insulin Syringe with Needle, 29G 1cc 1/2-Inch (12.7mm), Box of 100",16.83,www.amazon.com//EasyTouch-Insulin-Syringe-12-7mm-Polybag/dp/B07P11F21N/ref=zg_bs_g_industrial_d_sccl_18/144-0994589-9358460?psc=1
"Lysol Pro Kitchen Spray Cleaner and Degreaser, Antibacterial All Purpose Cleaning Spray for Kitchens, Countertops, Ovens, and Appliances, Citrus Scent, 22oz",3.97,www.amazon.com//Lysol-Kitchen-Antibacterial-Cleaner-Chemicals/dp/B00007J6CX/ref=zg_bs_g_industrial_d_sccl_19/144-0994589-9358460?psc=1
"Basic Medical Blue Nitrile Exam Gloves - Latex-Free & Powder-Free - NGPF-7003 (Case of 1,000), Large",34.98,www.amazon.com//Basic-Medical-Blue-Nitrile-Gloves/dp/B087M5JK3F/ref=zg_bs_g_industrial_d_sccl_20/144-0994589-9358460?psc=1
"NEENCA Professional Knee Brace for Pain Relief, Medical Knee Support with Patella Pad & Side Stabilizers, Compression Knee Sleeve for Meniscus Tear, ACL, Joint Pain, Runner, Workout - FSA/HSA APPROVED",16.55,www.amazon.com//NEENCA-Professional-Compression-Stabilization-Protector/dp/B07R7436T4/ref=zg_bs_g_industrial_d_sccl_21/144-0994589-9358460?psc=1
VELCRO Brand Heavy Duty Fasteners | 4x2 Inch Strips with Adhesive 8 Sets | Holds 10 lbs | Black Industrial Strength Stick On Tape | Indoor or Outdoor Use (VEL-30703-USA),8.90,www.amazon.com//VELCRO-Brand-Fasteners-Industrial-VEL-30703-USA/dp/B09BNPX3XJ/ref=zg_bs_g_industrial_d_sccl_22/144-0994589-9358460?psc=1
"Amazon Basics 99% Isopropyl Alcohol First Aid For Technical Use,16 Fluid Ounces, 1-Pack (Previously Solimo)",9.28,www.amazon.com//Amazon-Brand-Isopropyl-Antiseptic-Technical/dp/B07NFSFBXQ/ref=zg_bs_g_industrial_d_sccl_23/144-0994589-9358460?psc=1
"Rubbermaid Commercial Products 41QT/10.25 GAL Wastebasket Trash Container, for Home/Office/Under Desk, Gray (FG295700GRAY)",13.05,www.amazon.com//Rubbermaid-Commercial-295700GY-Wastebasket-Rectangular/dp/B000U7QDKO/ref=zg_bs_g_industrial_d_sccl_24/144-0994589-9358460?psc=1
"ELEGOO PLA Filament 1.75mm Black 1KG, 3D Printer Filament Dimensional Accuracy +/- 0.02mm, 1kg Cardboard Spool(2.2lbs) 3D Printing Filament Fits for Most FDM 3D Printers",13.99,www.amazon.com//ELEGOO-Filament-Dimensional-Accuracy-Cardboard/dp/B0BM739JRF/ref=zg_bs_g_industrial_d_sccl_25/144-0994589-9358460?psc=1
NNPCBT 100PCS 3 Ply Black Disposable Face Mask Filter Protection Face Masks,9.98,www.amazon.com//100PCS-disposable-shield-filter-protection/dp/B08C7HDF1F/ref=zg_bs_g_industrial_d_sccl_26/144-0994589-9358460?psc=1
"Command Medium and Large Picture Hanging Strips, Damage Free Hanging Picture Hangers, No Tools Wall Hanging Strips for Living Spaces, White, 12 Medium Pairs and 16 Large Pairs",13.99,www.amazon.com//Command-Medium-Picture-Hanging-Strips/dp/B07P32RHQ4/ref=zg_bs_g_industrial_d_sccl_27/144-0994589-9358460?psc=1
"Scott® Professional 100% Recycled Fiber Standard Roll Toilet Paper (13217), with Elevated Design, 2-Ply, White, Individually wrapped rolls, 473 Count (Pack of 80), Total 37,840 Sheets",52.75,www.amazon.com//Essential-Professional-Recycled-Business-Standard/dp/B008I7TNDW/ref=zg_bs_g_industrial_d_sccl_28/144-0994589-9358460?psc=1
"Medline 4 x 4 inch Gauze Sponges, 100% Cotton, 8-Ply Woven Non-Sterile Gauze (Pack of 200)",5.99,www.amazon.com//Medline-PRM21408CZ-Caring-Non-Sterile-Sponges/dp/B074N8ZX1P/ref=zg_bs_g_industrial_d_sccl_29/144-0994589-9358460?psc=1
"SUNLU PLA 3D Printer Filament PLA Filament 1.75mm, Neatly Wound PLA 3D Printing Filament 1.75mm, Dimensional Accuracy +/- 0.02 mm, Fit Most FDM 3D Printers, 1kg Spool (2.2lbs), PLA Black",13.99,www.amazon.com//Printer-Filament-SUNLU-Dimensional-Accuracy/dp/B07XG3RM58/ref=zg_bs_g_industrial_d_sccl_30/144-0994589-9358460?psc=1
The Teacher: A Psychological Thriller,3.99,www.amazon.com//Teacher-Psychological-Thriller-Freida-McFadden-ebook/dp/B0CGWBB9XG/ref=zg_bs_g_digital-text_d_sccl_1/135-4896100-0028163?psc=1
Never Lie: An addictive psychological thriller,3.99,www.amazon.com//Never-Lie-addictive-psychological-thriller-ebook/dp/B0BBL2ZW73/ref=zg_bs_g_digital-text_d_sccl_2/135-4896100-0028163?psc=1
Ask for Andrea: A Thriller,5.99,www.amazon.com//Ask-Andrea-gripping-thriller-unforgettable-ebook/dp/B09QLPG1SY/ref=zg_bs_g_digital-text_d_sccl_3/135-4896100-0028163?psc=1
The Women: A Novel,14.99,www.amazon.com//Women-Novel-Kristin-Hannah-ebook/dp/B0C1X97LW7/ref=zg_bs_g_digital-text_d_sccl_4/135-4896100-0028163?psc=1
Between Never and Forever: Dex and Keelani's Fake Engagement Story (Hardy Billionaires),5.99,www.amazon.com//Between-Never-Forever-Engagement-Billionaires-ebook/dp/B0CK593HTT/ref=zg_bs_g_digital-text_d_sccl_5/135-4896100-0028163?psc=1
The Lost Letters of Aisling: A Novel,4.99,www.amazon.com//Lost-Letters-Aisling-Novel-ebook/dp/B0CJCS5HG7/ref=zg_bs_g_digital-text_d_sccl_6/135-4896100-0028163?psc=1
"His Demands: An Age Gap, Billionaire Boss Romance (Silver Fox Daddies)",3.99,www.amazon.com//His-Demands-Billionaire-Romance-Daddies-ebook/dp/B0CW4MNWYD/ref=zg_bs_g_digital-text_d_sccl_7/135-4896100-0028163?psc=1
The Housemaid: An absolutely addictive psychological thriller with a jaw-dropping twist,3.99,www.amazon.com//Housemaid-absolutely-addictive-psychological-jaw-dropping-ebook/dp/B09TWSRMCB/ref=zg_bs_g_digital-text_d_sccl_8/135-4896100-0028163?psc=1
Storms and Secrets: A Small-Town Romance,5.99,www.amazon.com//Storms-Secrets-Small-Town-Claire-Kingsley-ebook/dp/B0CWR5LSND/ref=zg_bs_g_digital-text_d_sccl_9/135-4896100-0028163?psc=1
Haunting Adeline (Cat and Mouse Duet Book 1),4.99,www.amazon.com//Haunting-Adeline-Mouse-Duet-Book-ebook/dp/B09CLVJJ77/ref=zg_bs_g_digital-text_d_sccl_10/135-4896100-0028163?psc=1
Matterhorn (Mac Dekker Book 1),4.99,www.amazon.com//Matterhorn-Christopher-Reich-ebook/dp/B0CCGVFLXC/ref=zg_bs_g_digital-text_d_sccl_11/135-4896100-0028163?psc=1
The Unwanted Wife: Nathan & Skylar's story. A Brother's Best Friend Marriage of Convenience Romance (The Davenports Book 1),4.99,www.amazon.com//Unwanted-Wife-Brothers-Convenience-Davenports-ebook/dp/B0CPQBX876/ref=zg_bs_g_digital-text_d_sccl_12/135-4896100-0028163?psc=1
The Housemaid's Secret: A totally gripping psychological thriller with a shocking twist,4.99,www.amazon.com//Housemaids-Secret-gripping-psychological-thriller-ebook/dp/B0BGXYL3BZ/ref=zg_bs_g_digital-text_d_sccl_13/135-4896100-0028163?psc=1
The Reason I Married Him,4.99,www.amazon.com//Reason-I-Married-Him-ebook/dp/B0CFD3FF6N/ref=zg_bs_g_digital-text_d_sccl_14/135-4896100-0028163?psc=1
The Home-wrecker (The Goode Brothers),4.99,www.amazon.com//Home-Wrecker-Goode-Brothers-ebook/dp/B0C9KJRSX7/ref=zg_bs_g_digital-text_d_sccl_15/135-4896100-0028163?psc=1
Yours Truly,11.99,www.amazon.com//Yours-Truly-Abby-Jimenez-ebook/dp/B0B8YVRMW4/ref=zg_bs_g_digital-text_d_sccl_16/135-4896100-0028163?psc=1
Lovers at the Museum: A Short Story,1.99,www.amazon.com//Lovers-at-Museum-Short-Story-ebook/dp/B0CNQD45VQ/ref=zg_bs_g_digital-text_d_sccl_17/135-4896100-0028163?psc=1
Heartless: A Small Town Single Dad Romance,5.99,www.amazon.com//Heartless-Small-Town-Single-Romance-ebook/dp/B0B4KR2X87/ref=zg_bs_g_digital-text_d_sccl_18/135-4896100-0028163?psc=1
My Dark Desire: An Enemies-to-Lovers Romance (Dark Prince Road),4.99,www.amazon.com//My-Dark-Desire-Enemies-Lovers-ebook/dp/B0CF9KGTF6/ref=zg_bs_g_digital-text_d_sccl_19/135-4896100-0028163?psc=1
A Woman of No Importance: The Untold Story of the American Spy Who Helped Win World War II,1.99,www.amazon.com//Woman-No-Importance-Untold-American-ebook/dp/B07DN155VV/ref=zg_bs_g_digital-text_d_sccl_20/135-4896100-0028163?psc=1
Twilight Sins (Kulikov Bratva Book 1),2.99,www.amazon.com//Twilight-Sins-Kulikov-Bratva-Book-ebook/dp/B0CX7QKCXF/ref=zg_bs_g_digital-text_d_sccl_21/135-4896100-0028163?psc=1
Friends in Napa: A Novel,5.99,www.amazon.com//Friends-Napa-Sheila-Yasmin-Marikar-ebook/dp/B0C8ZPJK93/ref=zg_bs_g_digital-text_d_sccl_22/135-4896100-0028163?psc=1
The Girl in Seat 2A: THE NUMBER ONE BESTSELLER,1.99,www.amazon.com//Girl-Seat-2A-Diana-Wilkinson-ebook/dp/B0C492MFZL/ref=zg_bs_g_digital-text_d_sccl_23/135-4896100-0028163?psc=1
The Exception to the Rule (The Improbable Meet-Cute collection),0.99,www.amazon.com//Exception-Rule-Improbable-Meet-Cute-collection-ebook/dp/B0CL7GMPD4/ref=zg_bs_g_digital-text_d_sccl_24/135-4896100-0028163?psc=1
If You Hate Me (The Toronto Terror Series),4.99,www.amazon.com//If-You-Hate-Toronto-Terror-ebook/dp/B0CN5B11QM/ref=zg_bs_g_digital-text_d_sccl_25/135-4896100-0028163?psc=1
The Secret Fiancée: Lexington and Raya's Story (The Windsors),5.99,www.amazon.com//Secret-Fianc%C3%A9e-Lexington-Rayas-Windsors-ebook/dp/B0CJDPTB3V/ref=zg_bs_g_digital-text_d_sccl_26/135-4896100-0028163?psc=1
Hunting Adeline (Cat and Mouse Duet Book 2),4.99,www.amazon.com//Hunting-Adeline-Mouse-Duet-Book-ebook/dp/B096BKV268/ref=zg_bs_g_digital-text_d_sccl_27/135-4896100-0028163?psc=1
"The Sacred Bridge: A Mystery Novel (A Leaphorn, Chee & Manuelito Novel Book 7)",1.99,www.amazon.com//Sacred-Bridge-Leaphorn-Manuelito-Novel-ebook/dp/B0995YGVXW/ref=zg_bs_g_digital-text_d_sccl_28/135-4896100-0028163?psc=1
The Idea of You: A Novel,11.99,www.amazon.com//Idea-You-Novel-Robinne-Lee-ebook/dp/B01MQLZ12X/ref=zg_bs_g_digital-text_d_sccl_29/135-4896100-0028163?psc=1
The Inmate: A gripping psychological thriller,3.99,www.amazon.com//Inmate-gripping-psychological-thriller-ebook/dp/B0B1XQTZ1R/ref=zg_bs_g_digital-text_d_sccl_30/135-4896100-0028163?psc=1
"Stanley Quencher H2.0 FlowState Stainless Steel Vacuum Insulated Tumbler with Lid and Straw for Water, Iced Tea or Coffee",35.00,www.amazon.com//Quencher-FlowState-Stainless-Insulated-Smoothie/dp/B0CRMTZ1Q3/ref=zg_bs_g_kitchen_d_sccl_1/141-5375088-2461223?psc=1
"Owala FreeSip Insulated Stainless Steel Water Bottle with Straw for Sports and Travel, BPA-Free, 24oz, Dreamy Field",27.99,www.amazon.com//Owala-FreeSip-Insulated-Stainless-BPA-Free/dp/B0C59BYVTQ/ref=zg_bs_g_kitchen_d_sccl_2/141-5375088-2461223?psc=1
"STANLEY IceFlow Stainless Steel Tumbler with Straw, Vacuum Insulated Water Bottle for Home, Office or Car, Reusable Cup with Straw Leak Resistant Flip",35.00,www.amazon.com//Stanley-10-09993-102-IceFlowTM-Straw-Tumbler/dp/B09PL65CG3/ref=zg_bs_g_kitchen_d_sccl_3/141-5375088-2461223?psc=1
"Etekcity Food Scale, Digital Kitchen Scale, 304 Stainless Steel, Weight in Grams and Ounces for Baking, Cooking, and Meal Prep, LCD Display, Medium",13.99,www.amazon.com//Etekcity-Multifunction-Stainless-Batteries-Included/dp/B0113UZJE2/ref=zg_bs_g_kitchen_d_sccl_4/141-5375088-2461223?psc=1
Simple Modern 40 oz Tumbler with Handle and Straw Lid | Insulated Cup Reusable Stainless Steel Water Bottle Travel Mug Cupholder Friendly | Gifts for Women Men Him Her | Trek Collection | Almond Birch,29.99,www.amazon.com//Simple-Modern-Tumbler-Handle-Insulated/dp/B0BHBP1X1B/ref=zg_bs_g_kitchen_d_sccl_5/141-5375088-2461223?psc=1
"Alpha Grillers Instant Read Meat Thermometer for Grill and Cooking. Best Waterproof Ultra Fast Thermometer with Backlight & Calibration. Digital Food Probe for Kitchen, Outdoor Grilling and BBQ!",15.99,www.amazon.com//Thermometer-Cooking-BACKLIGHT-WATERPROOF-Temperature/dp/B00S93EQUK/ref=zg_bs_g_kitchen_d_sccl_6/141-5375088-2461223?psc=1
"Amazon Basics Digital Kitchen Scale with LCD Display, Batteries Included, Weighs up to 11 pounds, Black and Stainless Steel",12.59,www.amazon.com//AmazonBasics-Stainless-Digital-Batteries-Included/dp/B06X9NQ8GX/ref=zg_bs_g_kitchen_d_sccl_7/141-5375088-2461223?psc=1
"Crock-Pot 7 Quart Oval Manual Slow Cooker, Stainless Steel (SCV700-S-BR)",29.99,www.amazon.com//Crock-Pot-SCV700SS-Stainless-7-Quart-Manual/dp/B003OAJGJO/ref=zg_bs_g_kitchen_d_sccl_8/141-5375088-2461223?psc=1
"Mueller Pro-Series 10-in-1, 8 Blade Vegetable Chopper, Onion Mincer, Cutter, Dicer, Egg Slicer with Container, French Fry Cutter Potatoe Slicer, Home Essentials & Kitchen Gadgets, Salad Chopper",27.99,www.amazon.com//Mueller-Austria-Chopper-Vegetable-Container/dp/B08N9Q24M9/ref=zg_bs_g_kitchen_d_sccl_9/141-5375088-2461223?psc=1
5-Pack Silicone Straw Covers Compatible with Stanley Cups - Dust-Proof Straw Caps for 40 oz Tumblers and Water Bottles,5.99,www.amazon.com//5-Pack-Silicone-Covers-Compatible-Stanley/dp/B0CL583PYR/ref=zg_bs_g_kitchen_d_sccl_10/141-5375088-2461223?psc=1
"Simple Modern Kids Water Bottle with Straw Lid | Insulated Stainless Steel Reusable Tumbler for Toddlers, Boys | Summit Collection | 14oz, Under Construction",16.18,www.amazon.com//Simple-Modern-Summit-Water-Bottles/dp/B07RPRVXNX/ref=zg_bs_g_kitchen_d_sccl_11/141-5375088-2461223?psc=1
"Fullstar Vegetable Chopper - Spiralizer Vegetable Slicer - Onion Chopper with Container - Pro Food Chopper - Slicer Dicer Cutter - (4 in 1, White)",27.99,www.amazon.com//Vegetable-Chopper-Spiralizer-Slicer-Choppers/dp/B0764HS4SL/ref=zg_bs_g_kitchen_d_sccl_12/141-5375088-2461223?psc=1
"REALINN Under Sink Organizer and Storage, 2 Pack Pull Out Cabinet Organizer Slide Out Sink Shelf Cabinet Storage Shelves, Under Sink Storage for Kitchen Bathroom Cabinet",45.99,www.amazon.com//Organizer-Storage-Cabinet-Shelves-Bathroom/dp/B0C5DBMYZF/ref=zg_bs_g_kitchen_d_sccl_13/141-5375088-2461223?psc=1
"The Original Gorilla Grip Heavy Duty Stainless Steel Smooth Edge Manual Hand Held Can Opener With Soft Touch Handle, Rust Proof Oversized Handheld Easy Turn Knob, Large Lid Openers, Black",11.89,www.amazon.com//Gorilla-Grip-Handheld-Comfortable-Oversized/dp/B09NXMDPS1/ref=zg_bs_g_kitchen_d_sccl_14/141-5375088-2461223?psc=1
"DASH Mini Maker for Individual Waffles, Hash Browns, Keto Chaffles with Easy to Clean, Non-Stick Surfaces, 4 Inch, Aqua",9.95,www.amazon.com//DASH-DMW001AQ-Individual-Chaffles-Non-Stick/dp/B01M9I779L/ref=zg_bs_g_kitchen_d_sccl_15/141-5375088-2461223?psc=1
"DASH Rapid Egg Cooker: 6 Egg Capacity Electric Egg Cooker for Hard Boiled Eggs, Poached Eggs, Scrambled Eggs, or Omelets with Auto Shut Off Feature - Black",16.49,www.amazon.com//Dash-Rapid-Egg-Cooker-Scrambled/dp/B00DDXWFY0/ref=zg_bs_g_kitchen_d_sccl_16/141-5375088-2461223?psc=1
"iBayam Kitchen Scissors All Purpose Heavy Duty Meat Poultry Shears, Dishwasher Safe Food Cooking Scissors Stainless Steel Utility Scissors, 2-Pack (Black Red, Black Gray)",7.63,www.amazon.com//iBayam-Scissors-Dishwasher-Multipurpose-Stainless/dp/B08FLKHG8J/ref=zg_bs_g_kitchen_d_sccl_17/141-5375088-2461223?psc=1
"Air Fryer Paper Liners,125Pcs Parchment Paper, Air Fryer Disposable Paper Liner for Microwave, Non-Stick Air Fryer Liners Square Free of Bleach (8IN)",14.99,www.amazon.com//Air-Fryer-Paper-Liners-Disposable/dp/B0B6PLG6G2/ref=zg_bs_g_kitchen_d_sccl_18/141-5375088-2461223?psc=1
"Greater Goods Gray Food Scale - Digital Display Shows Weight in Grams, Ounces, Milliliters, and Pounds | Perfect for Meal Prep, Cooking, and Baking | A Kitchen Necessity Designed in St. Louis",9.99,www.amazon.com//Greater-Goods-Gray-Food-Scale/dp/B01JTDG084/ref=zg_bs_g_kitchen_d_sccl_19/141-5375088-2461223?psc=1
"Simple Modern Disney Princesses Kids Water Bottle with Straw Lid | Reusable Insulated Stainless Steel Cup for Girls, School | Summit Collection | 14oz, Princess Rainbows",19.99,www.amazon.com//Simple-Modern-Disney-Summit-Thermos/dp/B094W9TGQG/ref=zg_bs_g_kitchen_d_sccl_20/141-5375088-2461223?psc=1
Simple Modern Kids 24 oz Tumbler with Handle and Silicone Straw Lid | Spill Proof and Leak Resistant | Reusable Stainless Steel Bottle | Gift for Kids Boys Girls | Trek Collection | 80s Mix,29.99,www.amazon.com//Simple-Modern-Resistant-Stainless-Collection/dp/B0CKWNCDP8/ref=zg_bs_g_kitchen_d_sccl_21/141-5375088-2461223?psc=1
"Magic Bullet Blender, Small, Silver, 11 Piece Set",39.88,www.amazon.com//Magic-Bullet-Blender-Small-Silver/dp/B012T634SM/ref=zg_bs_g_kitchen_d_sccl_22/141-5375088-2461223?psc=1
"Homaxy 100% Cotton Waffle Weave Kitchen Dish Cloths, Ultra Soft Absorbent Quick Drying Dish Towels, 12x12 Inches, 6-Pack, Dark Grey",9.99,www.amazon.com//Homaxy-Cotton-Waffle-Kitchen-Absorbent/dp/B07WMQP4SF/ref=zg_bs_g_kitchen_d_sccl_23/141-5375088-2461223?psc=1
YETI Rambler 20 oz Stainless Steel Vacuum Insulated Tumbler w/MagSlider Lid,35.00,www.amazon.com//YETI-Vacuu-Rambler-Stainless-Steel/dp/B07FM5HLMF/ref=zg_bs_g_kitchen_d_sccl_24/141-5375088-2461223?psc=1
"Reynolds Kitchens Slow Cooker Liners, Regular (Fits 3-8 Quarts), 6 Count",3.48,www.amazon.com//Reynolds-Kitchens-Premium-Cooker-Liners/dp/B00IE76Q7M/ref=zg_bs_g_kitchen_d_sccl_25/141-5375088-2461223?psc=1
"Nordic Ware Natural Aluminum Commercial Baker's Half Sheet, 2 Count (Pack of 1), Silver",21.99,www.amazon.com//Nordic-Ware-Natural-Aluminum-Commercial/dp/B0049C2S32/ref=zg_bs_g_kitchen_d_sccl_26/141-5375088-2461223?psc=1
KitchenAid Classic Multifunction Can Opener / Bottle Opener,9.68,www.amazon.com//KitchenAid-KE199OHOBA-Classic-Multifunction-Opener/dp/B07YP2VH4B/ref=zg_bs_g_kitchen_d_sccl_27/141-5375088-2461223?psc=1
"Simple Modern Water Bottle with Straw and Chug Lid Vacuum Insulated Stainless Steel Metal Thermos Bottles | Reusable Leak Proof BPA-Free Flask for Sports | Summit Collection | 32oz, Almond Birch",24.99,www.amazon.com//Simple-Modern-Insulated-Summit-Collection/dp/B0B29MFN94/ref=zg_bs_g_kitchen_d_sccl_28/141-5375088-2461223?psc=1
"ThermoPro TP19H Digital Meat Thermometer for Cooking with Ambidextrous Backlit, Waterproof Kitchen Food BBQ Grill Smoker Oil Fry Candy Instant Read",16.99,www.amazon.com//ThermoPro-Thermometer-Grilling-Waterproof-Ambidextrous/dp/B07XXSYLL8/ref=zg_bs_g_kitchen_d_sccl_29/141-5375088-2461223?psc=1
"Hamilton Beach 6-Speed Electric Hand Mixer with Whisk, Traditional Beaters, Snap-On Storage Case, White",21.99,www.amazon.com//Hamilton-Beach-62682RZ-Mixer-Snap/dp/B001CH0ZLE/ref=zg_bs_g_kitchen_d_sccl_30/141-5375088-2461223?psc=1
The Iron Claw Bluray + DVD + Digital,19.96,www.amazon.com//Iron-Claw-Bluray-DVD-Digital/dp/B0CS6YYG6T/ref=zg_bs_g_movies-tv_d_sccl_1/131-8529030-1598840?psc=1
Aliens [4K UHD],26.98,www.amazon.com//Aliens-4K-UHD-Sigourney-Weaver/dp/B0CSZC9GLJ/ref=zg_bs_g_movies-tv_d_sccl_2/131-8529030-1598840?psc=1
True Lies [4K UHD],24.96,www.amazon.com//True-Lies-UHD-Arnold-Schwarzenegger/dp/B0CSZD4N61/ref=zg_bs_g_movies-tv_d_sccl_3/131-8529030-1598840?psc=1
Dune: Part Two (4K Ultra HD + Digital) [4K UHD],29.96,www.amazon.com//Dune-Part-Two-Ultra-Digital/dp/B0CW3DTWNG/ref=zg_bs_g_movies-tv_d_sccl_4/131-8529030-1598840?psc=1
Oppenheimer - 4K Ultra HD + Blu-ray + Digital [4K UHD],19.99,www.amazon.com//Oppenheimer-Ultra-Blu-ray-Digital-UHD/dp/B0CL7JD41F/ref=zg_bs_g_movies-tv_d_sccl_5/131-8529030-1598840?psc=1
Flynn,24.99,www.amazon.com//Flynn-Devan-Nunes/dp/B0CT9JVB4F/ref=zg_bs_g_movies-tv_d_sccl_6/131-8529030-1598840?psc=1
Andor : Season 1 Steelbook Limited Edition [4K UHD],63.99,www.amazon.com//Andor-Season-Steelbook-Limited-UHD/dp/B0CXY65W24/ref=zg_bs_g_movies-tv_d_sccl_7/131-8529030-1598840?psc=1
Ghostbusters: Frozen Empire - UHD/Blu-ray + Digital + Steelbook [4K UHD],55.99,www.amazon.com//Ghostbusters-Frozen-Blu-ray-Digital-Steelbook/dp/B0CWLT1FQ1/ref=zg_bs_g_movies-tv_d_sccl_8/131-8529030-1598840?psc=1
Looney Tunes Collector’s Choice Volume 2 (BD) [Blu-ray],10.99,www.amazon.com//Looney-Tunes-Collectors-Choice-Blu-ray/dp/B0CJH5JHM8/ref=zg_bs_g_movies-tv_d_sccl_9/131-8529030-1598840?psc=1
Godzilla vs. Kong (4K Ultra HD),11.76,www.amazon.com//Godzilla-Kong-Ultra-Blu-ray-Digital/dp/B091VKPGC3/ref=zg_bs_g_movies-tv_d_sccl_10/131-8529030-1598840?psc=1
When Evil Lurks [Blu-Ray],16.98,www.amazon.com//When-Lurks-Blu-Ray-D%C3%A9mian-Rugna/dp/B0CQRZBN5Q/ref=zg_bs_g_movies-tv_d_sccl_11/131-8529030-1598840?psc=1
Wonka (DVD),19.95,www.amazon.com//Wonka-DVD-Timoth%C3%A9e-Chalamet/dp/B0CPQ5Y3PZ/ref=zg_bs_g_movies-tv_d_sccl_12/131-8529030-1598840?psc=1
Kong: Skull Island (4K Ultra HD) [4K UHD],11.99,www.amazon.com//Kong-Skull-Island-UHD-Blu-ray/dp/B0725PV99C/ref=zg_bs_g_movies-tv_d_sccl_13/131-8529030-1598840?psc=1
Obi-Wan Kenobi : Season 1 [4K UHD] [Steelbook],63.99,www.amazon.com//Obi-Wan-Kenobi-Season-UHD-Steelbook/dp/B0CXY5SP3F/ref=zg_bs_g_movies-tv_d_sccl_14/131-8529030-1598840?psc=1
Godzilla (4K Ultra HD + Blu-ray) [4K UHD],11.99,www.amazon.com//Godzilla-4K-Ultra-Blu-ray-Digital/dp/B08VBS3WVJ/ref=zg_bs_g_movies-tv_d_sccl_15/131-8529030-1598840?psc=1
Andor : Season 1 [Steelbook],49.11,www.amazon.com//Andor-Season-Steelbook-Diego-Luna/dp/B0CXXYX1D8/ref=zg_bs_g_movies-tv_d_sccl_16/131-8529030-1598840?psc=1
The Ten Commandments (1956),5.00,www.amazon.com//Ten-Commandments-James-Coburn/dp/B01M672XSI/ref=zg_bs_g_movies-tv_d_sccl_17/131-8529030-1598840?psc=1
Aquaman and the Lost Kingdom (Blu-ray + Digital),24.95,www.amazon.com//Aquaman-Lost-Kingdom-Blu-ray-Digital/dp/B0CQPHVKYK/ref=zg_bs_g_movies-tv_d_sccl_18/131-8529030-1598840?psc=1
Godzilla: King of the Monsters (4K Ultra HD) [4K UHD],11.99,www.amazon.com//Godzilla-Monsters-Ultra-Blu-ray-Digital/dp/B07RMGC75V/ref=zg_bs_g_movies-tv_d_sccl_19/131-8529030-1598840?psc=1
Poor Things,24.96,www.amazon.com//Poor-Things-Emma-Stone/dp/B0CVGQLF2C/ref=zg_bs_g_movies-tv_d_sccl_20/131-8529030-1598840?psc=1
Dune (4k Ultra HD + Blu-ray) [4K UHD],23.98,www.amazon.com//Dune-Ultra-Blu-ray-Digital-UHD/dp/B09MDHXGST/ref=zg_bs_g_movies-tv_d_sccl_21/131-8529030-1598840?psc=1
Dune (Blu-ray),9.96,www.amazon.com//Dune-Blu-ray-Digital-Frank-Herbert/dp/B09MDHD2TP/ref=zg_bs_g_movies-tv_d_sccl_22/131-8529030-1598840?psc=1
Dune: Part Two (Blu-ray + Digital),24.96,www.amazon.com//Dune-Part-Two-Blu-ray-Digital/dp/B0CW3GFWW2/ref=zg_bs_g_movies-tv_d_sccl_23/131-8529030-1598840?psc=1
Obi-Wan Kenobi : Season 1 [Steelbook],49.99,www.amazon.com//Obi-Wan-Kenobi-Season-1-Steelbook/dp/B0CXY6FFVG/ref=zg_bs_g_movies-tv_d_sccl_24/131-8529030-1598840?psc=1
Oppenheimer [DVD],15.59,www.amazon.com//Oppenheimer-DVD-Cillian-Murphy/dp/B0CL7FTCN5/ref=zg_bs_g_movies-tv_d_sccl_25/131-8529030-1598840?psc=1
The Land Before Time - The Complete Collection,16.49,www.amazon.com//Land-Before-Time-Complete-Collection/dp/B01DLVAI6K/ref=zg_bs_g_movies-tv_d_sccl_26/131-8529030-1598840?psc=1
Wednesday: The Complete First Season (DVD),19.96,www.amazon.com//Wednesday-Complete-First-Season-DVD/dp/B0CNTCWBPB/ref=zg_bs_g_movies-tv_d_sccl_27/131-8529030-1598840?psc=1
Wonka (Blu-ray + Digital),24.95,www.amazon.com//Wonka-Blu-ray-Digital-Timoth%C3%A9e-Chalamet/dp/B0CPQ5X95S/ref=zg_bs_g_movies-tv_d_sccl_28/131-8529030-1598840?psc=1
VeggieTales: 25th Anniversary 10-Movie Collection [DVD],11.99,www.amazon.com//VeggieTales-25th-Anniversary-10-Movie-Collection/dp/B07GR8S4M3/ref=zg_bs_g_movies-tv_d_sccl_29/131-8529030-1598840?psc=1
Aquaman and the Lost Kingdom [DVD],19.95,www.amazon.com//Aquaman-Lost-Kingdom-Jason-Momoa/dp/B0CQPJSTWB/ref=zg_bs_g_movies-tv_d_sccl_30/131-8529030-1598840?psc=1
"Amazon Basics Dog and Puppy Pee Pads with Leak-Proof Quick-Dry Design for Potty Training, Standard Absorbency, Regular Size, 22 x 22 Inches, Pack of 100, Blue & White",25.79,www.amazon.com//Amazon-Basics-Leak-proof-Quick-dry-Training/dp/B00MW8G62E/ref=zg_bs_g_pet-supplies_d_sccl_1/131-5190643-0135305?psc=1
"Dr. Elsey’s Premium Clumping Cat Litter - Ultra - 99.9% Dust-Free, Low Tracking, Hard Clumping, Superior Odor Control, Unscented & Natural Ingredients",20.99,www.amazon.com//Dr-Elseys-Premium-Clumping-Litter/dp/B0009X29WK/ref=zg_bs_g_pet-supplies_d_sccl_2/131-5190643-0135305?psc=1
Earth Rated Dog Poop Bags - Leak-Proof and Extra-Thick Pet Waste Bags for Big and Small Dogs - Refill Rolls - Lavender Scented - 270 Count,13.99,www.amazon.com//Earth-Rated-Lavender-Scented-Completely/dp/B00BSYR7K8/ref=zg_bs_g_pet-supplies_d_sccl_3/131-5190643-0135305?psc=1
Fancy Feast Poultry and Beef Feast Classic Pate Collection Grain Free Wet Cat Food Variety Pack - (Pack of 30) 3 oz. Cans,18.60,www.amazon.com//Purina-Fancy-Feast-Classic-Collection/dp/B07CTBXRXD/ref=zg_bs_g_pet-supplies_d_sccl_4/131-5190643-0135305?psc=1
"Best Pet Supplies Crinkle Dog Toy for Small, Medium, and Large Breeds, Cute No Stuffing Duck with Soft Squeaker, Fun for Indoor Puppies and Senior Pups, Plush No Mess Chew and Play - Yellow",5.99,www.amazon.com//Best-Pet-Supplies-Stuffing-Squeaker/dp/B09BBM5CX8/ref=zg_bs_g_pet-supplies_d_sccl_5/131-5190643-0135305?psc=1
Purina Fancy Feast Gravy Lovers Poultry and Beef Gourmet Wet Cat Food Variety Pack - (Pack of 24) 3 oz. Cans,19.92,www.amazon.com//Purina-Fancy-Feast-Poultry-Collection/dp/B005OB3E30/ref=zg_bs_g_pet-supplies_d_sccl_6/131-5190643-0135305?psc=1
"INABA Churu Cat Treats, Grain-Free, Lickable, Squeezable Creamy Purée Cat Treat/Topper with Vitamin E & Taurine, 0.5 Ounces Each Tube, 50 Tubes, Tuna & Chicken Variety",29.99,www.amazon.com//INABA-Chicken-Lickable-Creamy-Variety/dp/B07D323MFZ/ref=zg_bs_g_pet-supplies_d_sccl_7/131-5190643-0135305?psc=1
"Greenies Original Petite Natural Dental Care Dog Treats, 36 oz. Pack (60 Treats)",39.98,www.amazon.com//Greenies-Original-Petite-Dental-Holiday/dp/B006W6YHRS/ref=zg_bs_g_pet-supplies_d_sccl_8/131-5190643-0135305?psc=1
"TEMPTATIONS Classic Crunchy and Soft Cat Treats Tasty Chicken Flavor, 30 oz. Tub",18.00,www.amazon.com//Temptations-Treats-Chicken-Flavor-Holiday/dp/B01LNB6SA0/ref=zg_bs_g_pet-supplies_d_sccl_9/131-5190643-0135305?psc=1
"Amazon Basics Standard Dog Poop Bags With Dispenser and Leash Clip, Unscented, 300 Count, 20 Pack of 15, Black, 13 Inch x 9 Inch",8.89,www.amazon.com//AmazonBasics-Waste-Bags-Dispenser-Leash/dp/B00NABTC8M/ref=zg_bs_g_pet-supplies_d_sccl_10/131-5190643-0135305?psc=1
"Milk-Bone Original Dog Treats Biscuits for Medium Dogs, 10 Pound",33.99,www.amazon.com//Milk-Bone-Original-Treats-Medium-10-Pound/dp/B000I82DTU/ref=zg_bs_g_pet-supplies_d_sccl_11/131-5190643-0135305?psc=1
"SHEBA PERFECT PORTIONS Paté Adult Wet Cat Food Trays (24 Count, 48 Servings), Signature Seafood Entrée, Easy Peel Twin-Pack Trays",24.98,www.amazon.com//PERFECT-PORTIONS-Servings-Signature-Twin-Pack/dp/B075QK5SP2/ref=zg_bs_g_pet-supplies_d_sccl_12/131-5190643-0135305?psc=1
"Blue Buffalo Life Protection Formula Natural Adult Dry Dog Food, Chicken and Brown Rice 30-lb",70.99,www.amazon.com//Blue-Buffalo-Protection-Formula-Adult/dp/B0009YWKUA/ref=zg_bs_g_pet-supplies_d_sccl_13/131-5190643-0135305?psc=1
Purina ONE Dry Dog Food Lamb and Rice Formula - 31.1 lb. Bag,48.98,www.amazon.com//Purina-ONE-Food-Lamb-Formula/dp/B009IOCCD2/ref=zg_bs_g_pet-supplies_d_sccl_14/131-5190643-0135305?psc=1
"Purina Pro Plan Veterinary Supplements FortiFlora Dog Probiotic Supplement, Canine Nutritional Supplement - (1) 30 ct. Boxes",30.99,www.amazon.com//Purina-Veterinary-Fortiflora-Nutritional-Supplement/dp/B001650NNW/ref=zg_bs_g_pet-supplies_d_sccl_15/131-5190643-0135305?psc=1
"Blink Outdoor 4 (4th Gen) – Wire-free smart security camera, two-year battery life, two-way audio, HD live view, enhanced motion detection, Works with Alexa – 3 camera system",134.99,www.amazon.com//Blink-Outdoor-4th-Gen-3-Camera/dp/B0B1N5FK48/ref=zg_bs_g_pet-supplies_d_sccl_16/131-5190643-0135305?psc=1
"Arm & Hammer Platinum SLIDE Easy Clean, Clumping Litter, Multi-Cat, 37 Lbs",33.54,www.amazon.com//Arm-Hammer-Platinum-Clean-Up-Multi-Cat/dp/B07GL8SLKY/ref=zg_bs_g_pet-supplies_d_sccl_17/131-5190643-0135305?psc=1
"Blue Buffalo Health Bars Natural Crunchy Dog Treats Biscuits, Bacon, Egg & Cheese 16-oz Bag",13.78,www.amazon.com//Blue-Buffalo-Natural-Crunchy-Biscuits/dp/B003P9XG22/ref=zg_bs_g_pet-supplies_d_sccl_18/131-5190643-0135305?psc=1
"Milk-Bone Soft & Chewy Dog Treats, Beef & Filet Mignon Recipe, 25 Ounce",9.99,www.amazon.com//Milk-Bone-Mignon-Recipe-Treats-25-Ounce/dp/B006HKA6II/ref=zg_bs_g_pet-supplies_d_sccl_19/131-5190643-0135305?psc=1
"PEDIGREE DENTASTIX Large Dog Dental Care Treats Original, Beef & Fresh Variety Pack, 2.73 lb.Pack (51 Treats)",16.99,www.amazon.com//PEDIGREE-DENTASTIX-Original-Variety-lb-Pack/dp/B00CU2CMOI/ref=zg_bs_g_pet-supplies_d_sccl_20/131-5190643-0135305?psc=1
"Chuckit! Ultra Ball Dog Toy, Medium (2.5 Inch Diameter) Pack of 2, for breeds 20-60 lbs",5.30,www.amazon.com//ChuckIt-Ultra-Ball-Medium-Inch/dp/B000F4AVPA/ref=zg_bs_g_pet-supplies_d_sccl_21/131-5190643-0135305?psc=1
"Greenies Original Regular Natural Dog Dental Care Chews Oral Health Dog Treats, 36 count (Pack of 1)",33.99,www.amazon.com//GREENIES-Original-Regular-Natural-Dental/dp/B006W6YHHI/ref=zg_bs_g_pet-supplies_d_sccl_22/131-5190643-0135305?psc=1
"Good'N'Fun Triple Flavored Rawhide Kabobs for Dogs, 1.5 Pound (Pack of 1)",16.99,www.amazon.com//GoodnFun-Triple-Flavored-Rawhide-Kabobs/dp/B07BVL8TQF/ref=zg_bs_g_pet-supplies_d_sccl_23/131-5190643-0135305?psc=1
"Pooph Pet Odor Eliminator, 32oz Spray - Dismantles Odors on a Molecular Basis, Dogs, Cats, Freshener, Urine, Poop, Pee, Deodorizer, Natures, Puppy, Fresh, Clean, Furniture, Potty, Safe",22.97,www.amazon.com//Pooph-Odor-Eliminator-32oz-Spray/dp/B09PF4KVHJ/ref=zg_bs_g_pet-supplies_d_sccl_24/131-5190643-0135305?psc=1
"PetSafe ScoopFree Premium Blue Non-Clumping Crystal Cat Litter, Lightly Scented Litter – Superior Odor Control – Low Tracking for Less Mess – Lasts Up to 1 Month, 8.6 lbs total (2 Pack of 4.3 lb bags)",24.95,www.amazon.com//PetSafe-ScoopFree-Premium-Clumping-Crystal/dp/B01J5GE3MA/ref=zg_bs_g_pet-supplies_d_sccl_25/131-5190643-0135305?psc=1
"Fresh Step Clumping Cat Litter, Extreme Odor Control, Mountain Spring Scent With Febreze, 14 lbs",11.39,www.amazon.com//Fresh-Step-Extreme-Control-Scoopable/dp/B0747RSKTG/ref=zg_bs_g_pet-supplies_d_sccl_26/131-5190643-0135305?psc=1
"Purina Friskies Natural Cat Treats Party Mix Natural Yums With Real Salmon and Added Vitamins, Minerals and Nutrients - 20 oz. Canister",5.99,www.amazon.com//Purina-Friskies-Facilities-Natural-Treats/dp/B07ZLDTY2Q/ref=zg_bs_g_pet-supplies_d_sccl_27/131-5190643-0135305?psc=1
"Milk-Bone Mini's Flavor Snacks Dog Treats, 36 Ounce",11.48,www.amazon.com//Milk-Bone-Flavor-Snacks-Biscuits-36-Ounce/dp/B0114BNXQ6/ref=zg_bs_g_pet-supplies_d_sccl_28/131-5190643-0135305?psc=1
"PetSafe ScoopFree Crystal Litter Tray Refills, Premium Blue Crystals, 3-Pack, Disposable Tray, Includes Leak Protection & Low Tracking Litter, Absorbs Odors On Contact",69.95,www.amazon.com//PetSafe-ScoopFree-Self-Cleaning-Refills-Non-Clumping/dp/B000FEF10A/ref=zg_bs_g_pet-supplies_d_sccl_29/131-5190643-0135305?psc=1
"Rachael Ray Nutrish Premium Natural Dry Dog Food, Real Beef, Pea, & Brown Rice Recipe, 40 Pound Bag (Packaging May Vary)",53.00,www.amazon.com//Rachael-Ray-Nutrish-Natural-Recipe/dp/B06WGLV27L/ref=zg_bs_g_pet-supplies_d_sccl_30/131-5190643-0135305?psc=1
Medical king Solar Eclipse Glasses AAS Approved 2024 (10 Pack) CE and ISO Certified Safe Shades for Direct Sun Viewing,14.99,www.amazon.com//Medical-king-Eclipse-Glasses-Certified/dp/B0C6N2WP18/ref=zg_bs_g_hi_d_sccl_1/135-4863280-4682117?psc=1
Solar Eclipse Glasses AAS Approved 2024 - Made in the USA CE and ISO Certified Safe Shades for Direct Sun Viewing (2 Pack),14.99,www.amazon.com//Solar-Eclipse-Glasses-Certified-Viewing/dp/B08GB3QC1H/ref=zg_bs_g_hi_d_sccl_2/135-4863280-4682117?psc=1
"LUNT SOLAR 5 Pack Premium Eclipse Glasses, AAS Approved 2024 Solar Glasses, CE and ISO Certified, HD Film, Crisp Solar Image",14.95,www.amazon.com//Premium-Certified-Lunt-Solar-Eclipse/dp/B01NB09NHK/ref=zg_bs_g_hi_d_sccl_3/135-4863280-4682117?psc=1
Medical king Solar Eclipse Glasses AAS Approved 2024 (10 Pack) CE and ISO Certified Safe Shades for Direct Sun Viewing,14.99,www.amazon.com//Medical-king-Eclipse-Certified-Approved/dp/B0CN7HRR2B/ref=zg_bs_g_hi_d_sccl_4/135-4863280-4682117?psc=1
"Solar Eclipse Glasses Approved 2024, (5 Pack) CE and ISO Certified Solar Eclipse Observation Glasses, Safe Shades for Direct Sun Viewing, Bonus Smartphone Photo Filter Lens, Blue Stars Design",11.99,www.amazon.com//Eclipse-Approved-Certified-Observation-Smartphone/dp/B0CSF21B4J/ref=zg_bs_g_hi_d_sccl_5/135-4863280-4682117?psc=1
"MedOptics Solar Eclipse Glasses Approved 2024 (10 Pack) - AAS, ISO & CE Certified for All Ages - Lab Tested - Includes Eclipse Path Map - Clear Visibility, One Size Fits All, Non-Scratch Lens Viewing",6.99,www.amazon.com//MedOptics-Solar-Eclipse-Glasses-Approved/dp/B0CT22386X/ref=zg_bs_g_hi_d_sccl_6/135-4863280-4682117?psc=1
"Solar Eclipse Glasses Approved 2024, (10 Pack) CE and ISO Certified Solar Eclipse Observation Glasses, Safe Shades for Direct Sun Viewing, Bonus Smartphone Photo Filter Lens, Blue Stars Design",14.99,www.amazon.com//Eclipse-Approved-Certified-Observation-Smartphone/dp/B0CSF1BW3T/ref=zg_bs_g_hi_d_sccl_7/135-4863280-4682117?psc=1
"Ring Video Doorbell – 1080p HD video, improved motion detection, easy installation – Venetian Bronze",59.99,www.amazon.com//Ring-Video-Doorbell-Venetian-Bronze-2020-Release/dp/B08N5NQ69J/ref=zg_bs_g_hi_d_sccl_8/135-4863280-4682117?psc=1
Medical king Solar Eclipse Glasses AAS Approved 2024 (5 Pack) CE and ISO Certified Safe Shades for Direct Sun Viewing,9.99,www.amazon.com//Medical-king-Eclipse-Approved-Certified/dp/B0CJ44VN7J/ref=zg_bs_g_hi_d_sccl_9/135-4863280-4682117?psc=1
"Solar Eclipse Glasses AAS Approved 2024, (10 Pack) CE and ISO Certified Eclipse Observation Glasses, Safe Shades for Direct Sun Viewing, Bonus Smartphone Photo Filter Lens, Colorful Waves Design",6.98,www.amazon.com//Approved-Certified-Observation-Smartphone-Colorful/dp/B0CSZFNHXM/ref=zg_bs_g_hi_d_sccl_10/135-4863280-4682117?psc=1
"Solar Eclipse Glasses AAS Approved 2024, (5-Pack) CE/ISO Certified Solar Eclipse Viewing Glasses, Bonus Smartphone Photo Filter",7.99,www.amazon.com//Eclipse-Glasses-Approved-Certified-Smartphone/dp/B0CWNJTYS1/ref=zg_bs_g_hi_d_sccl_11/135-4863280-4682117?psc=1
"everydrop by Whirlpool Ice and Water Refrigerator Filter 1, EDR1RXD1, Single-Pack , Purple",53.98,www.amazon.com//Homall-everydrop-Refrigerator-EDR1RXD1-Single-Pack/dp/B00UXG4WR8/ref=zg_bs_g_hi_d_sccl_12/135-4863280-4682117?psc=1
"Eclipsee Solar Eclipse Glasses Approved 2024 (6 PACK) AAS, CE and ISO Certified, Safe Shades for Direct Sun Viewing",7.97,www.amazon.com//Eclipsee-Eclipse-Glasses-Approved-Certified/dp/B0CRCTRK7J/ref=zg_bs_g_hi_d_sccl_13/135-4863280-4682117?psc=1
"Lunt Solar Systems 10 Pack Premium, Solar Eclipse Glasses Approved 2024, ISO and CE Certified Optical Quality Safe Shades for Direct Sun Viewing for Solar Eclipse",19.95,www.amazon.com//Lunt-Solar-Systems-Approved-Certified/dp/B06ZZPRB7L/ref=zg_bs_g_hi_d_sccl_14/135-4863280-4682117?psc=1
Solar Eclipse Glasses AAS Approved 2024 - Made in the USA CE and ISO Certified Safe Shades for Direct Sun Viewing (5 Pack),19.99,www.amazon.com//Solar-Eclipse-Glasses-Certified-Viewing/dp/B08G9T3HTV/ref=zg_bs_g_hi_d_sccl_15/135-4863280-4682117?psc=1
Medical king Solar Eclipse Glasses AAS Approved 2024 (5 pack) CE and ISO Certified Safe Shades for Direct Sun Viewing,8.99,www.amazon.com//Eclipse-Glasses-Certified-Approved-Viewing/dp/B0CNBVD2MK/ref=zg_bs_g_hi_d_sccl_16/135-4863280-4682117?psc=1
"Medical king Solar Eclipse Glasses Plastic AAS Approved 2024 (2/8/18/48 Pack) CE, ISO Certified Safe for Direct Sun Viewing",12.99,www.amazon.com//Medical-king-Eclipse-Approved-Certified/dp/B0CQKKJJ9C/ref=zg_bs_g_hi_d_sccl_17/135-4863280-4682117?psc=1
"Solar Eclipse Glasses Approved 2024, (10 Pack) CE And ISO Certified Solar Eclipse Observation Glasses, Safe Shades For Direct Sun Viewing, Bonus Smartphone Photo Filter Lens, American Flag Design",6.98,www.amazon.com//Approved-Certified-Observation-Smartphone-American/dp/B0CSZCT9L8/ref=zg_bs_g_hi_d_sccl_18/135-4863280-4682117?psc=1
"Tenmiro Led Lights for Bedroom 100ft (2 Rolls of 50ft) Music Sync Color Changing Strip Lights with Remote and App Control RGB Strip, for Room Home Party Decoration",8.99,www.amazon.com//Bedroom-Control-Changing-Festival-Decoration/dp/B0932M1666/ref=zg_bs_g_hi_d_sccl_19/135-4863280-4682117?psc=1
"GE XWFE Refrigerator Water Filter | Certified to Reduce Lead, Sulfur, and 50+ Other Impurities | Replace Every 6 Months for Best Results | Pack of 1",49.98,www.amazon.com//GE-Appliances-XWFE-Refrigerator-Filter/dp/B0882ZJ48W/ref=zg_bs_g_hi_d_sccl_20/135-4863280-4682117?psc=1
Medical king Solar Eclipse Glasses Plastic AAS Approved 2024 (1/5/10+ Pack) CE and ISO Certified Safe for Direct Sun Viewing,6.99,www.amazon.com//Medical-king-Eclipse-Approved-Certified/dp/B0CQKKZ7VV/ref=zg_bs_g_hi_d_sccl_21/135-4863280-4682117?psc=1
"GE RPWFE Refrigerator Water Filter | Certified to Reduce Lead, Sulfur, and 50+ Other Impurities | Replace Every 6 Months for Best Results | Pack of 1",49.99,www.amazon.com//GE-RPWFE-Refrigerator-Water-Filter/dp/B009PCI2JU/ref=zg_bs_g_hi_d_sccl_22/135-4863280-4682117?psc=1
"Rust-Oleum 334020 Painter's Touch 2X Ultra Cover Spray Paint, 12 oz, Flat Black",15.92,www.amazon.com//Rust-Oleum-249127-Painters-Purpose-12-Ounce/dp/B002BWOS7Q/ref=zg_bs_g_hi_d_sccl_23/135-4863280-4682117?psc=1
"Blink Video Doorbell | Two-way audio, HD video, motion and chime app alerts and Alexa enabled — wired or wire-free (Black)",41.99,www.amazon.com//Blink-Video-Doorbell/dp/B08SG2MS3V/ref=zg_bs_g_hi_d_sccl_24/135-4863280-4682117?psc=1
"UCQKLI 6 PCS Solar Eclipse Glasses 2024, CE & ISO 12312-2 Certified AAS Recognized Paper Glasses, Eye Protection Approved for Direct Sun Viewing, Sun Safe Shades for 2024 Total Solar Eclipse-A02",5.39,www.amazon.com//UCQKLI-Certified-Recognized-Protection-Eclipse-A02/dp/B0CTX7N4KK/ref=zg_bs_g_hi_d_sccl_25/135-4863280-4682117?psc=1
"Oilkas Solar Eclipse Glasses - ISO 12312-2:2015(E) & CE Certified, Durable Plastic Eclipse Glasses for Direct Sun Viewing(3 Pack)",21.99,www.amazon.com//Oilkas-Solar-Eclipse-Glasses-Certified/dp/B0CJ96M287/ref=zg_bs_g_hi_d_sccl_26/135-4863280-4682117?psc=1
"ZeroWater Official Replacement Filter - 5-Stage Filter Replacement 0 TDS for Improved Tap Water Taste - System IAPMO Certified to Reduce Lead, Chromium, and PFOA/PFOS, 2-Pack",29.74,www.amazon.com//ZeroWater-Replacement-BPA-Free-Dispensers-Certified/dp/B001CUQ1C8/ref=zg_bs_g_hi_d_sccl_27/135-4863280-4682117?psc=1
"SAMSUNG Genuine Filter for Refrigerator Water and Ice, Carbon Block Filtration, Reduces 99% of Harmful Contaminants for Clean, Clear Drinking Water, 6-Month Life, HAF-QIN/EXP, 1 Pack",31.99,www.amazon.com//DA97-17376B-Refrigerator-HAF-QIN-EXP-packaging/dp/B071NFVVNG/ref=zg_bs_g_hi_d_sccl_28/135-4863280-4682117?psc=1
Tember Solar Eclipse Glasses - CE and ISO Certified - AAS recommended - USA 2024 Total Solar Eclipse Viewing Sunglasses - Sun Safe Shades for Adults or Kids (4 Pack,9.99,www.amazon.com//Tember-Solar-Eclipse-Glasses-recommended/dp/B0CHSGD5G3/ref=zg_bs_g_hi_d_sccl_29/135-4863280-4682117?psc=1
HOPOPRO NBC News Recommended 5 Modes High Pressure Shower Head 4.1 Inch High Flow Fixed Showerheads Bathroom Showerhead for Luxury Shower Experience Even at Low Water Pressure,17.97,www.amazon.com//HOPOPRO-Recommended-Showerheads-Showerhead-Experience/dp/B07SQ4R65K/ref=zg_bs_g_hi_d_sccl_30/135-4863280-4682117?psc=1
